SolidWorks IGES file using analytic representation for surfaces         S      1
1H,,1H;,19HДеталь для учебника,67HC:\Users\tumanov\Documents\Учебник SprG      1
utCAM\Деталь для учебника.IGS,15HSolidWorks 2016,15HSolidWorks 2016,32, G      2
308,15,308,15,19HДеталь для учебника,1.,2,2HMM,50,0.125,13H170207.093354G      3
,1E-008,499990.,7Htumanov,,11,0,13H170207.093354;                       G      4
     314       1       0       0       0                        00000200D      1
     314       0       8       1       0                               0D      2
     110       2       0       0       0                        01010000D      3
     110       0       0       1       0                               0D      4
     110       3       0       0       0                        01010000D      5
     110       0       0       1       0                               0D      6
     120       4       0       0       0                        01010000D      7
     120       0       0       1       0                               0D      8
     126       5       0       0       0                        01010500D      9
     126       0       0       2       0                               0D     10
     110       7       0       0       0                        01010000D     11
     110       0       0       1       0                               0D     12
     126       8       0       0       0                        01010500D     13
     126       0       0       2       0                               0D     14
     124      10       0       0       0                        00000000D     15
     124       0       0       4       0                               0D     16
     100      14       0       0       0              15        01010000D     17
     100       0       0       1       0                               0D     18
     126      15       0       0       0                        01010500D     19
     126       0       0       2       0                               0D     20
     110      17       0       0       0                        01010000D     21
     110       0       0       1       0                               0D     22
     126      18       0       0       0                        01010500D     23
     126       0       0       2       0                               0D     24
     100      20       0       0       0                        01010000D     25
     100       0       0       1       0                               0D     26
     102      21       0       0       0                        01010500D     27
     102       0       0       1       0                               0D     28
     102      22       0       0       0                        01010000D     29
     102       0       0       1       0                               0D     30
     142      23       0       0       0                        00010500D     31
     142       0       0       1       0                               0D     32
     144      24       0       0       0                        00000000D     33
     144       0      -1       1       0                               0D     34
     110      25       0       0       0                        01010000D     35
     110       0       0       1       0                               0D     36
     110      26       0       0       0                        01010000D     37
     110       0       0       1       0                               0D     38
     120      27       0       0       0                        01010000D     39
     120       0       0       1       0                               0D     40
     126      28       0       0       0                        01010500D     41
     126       0       0       2       0                               0D     42
     110      30       0       0       0                        01010000D     43
     110       0       0       1       0                               0D     44
     126      31       0       0       0                        01010500D     45
     126       0       0       2       0                               0D     46
     124      33       0       0       0                        00000000D     47
     124       0       0       4       0                               0D     48
     100      37       0       0       0              47        01010000D     49
     100       0       0       1       0                               0D     50
     126      38       0       0       0                        01010500D     51
     126       0       0       2       0                               0D     52
     110      40       0       0       0                        01010000D     53
     110       0       0       1       0                               0D     54
     126      41       0       0       0                        01010500D     55
     126       0       0       2       0                               0D     56
     100      43       0       0       0                        01010000D     57
     100       0       0       1       0                               0D     58
     102      44       0       0       0                        01010500D     59
     102       0       0       1       0                               0D     60
     102      45       0       0       0                        01010000D     61
     102       0       0       1       0                               0D     62
     142      46       0       0       0                        00010500D     63
     142       0       0       1       0                               0D     64
     144      47       0       0       0                        00000000D     65
     144       0      -1       1       0                               0D     66
     110      48       0       0       0                        01010000D     67
     110       0       0       1       0                               0D     68
     110      49       0       0       0                        01010000D     69
     110       0       0       1       0                               0D     70
     120      50       0       0       0                        01010000D     71
     120       0       0       1       0                               0D     72
     126      51       0       0       0                        01010500D     73
     126       0       0       2       0                               0D     74
     110      53       0       0       0                        01010000D     75
     110       0       0       1       0                               0D     76
     126      54       0       0       0                        01010500D     77
     126       0       0       2       0                               0D     78
     124      56       0       0       0                        00000000D     79
     124       0       0       4       0                               0D     80
     100      60       0       0       0              79        01010000D     81
     100       0       0       1       0                               0D     82
     126      61       0       0       0                        01010500D     83
     126       0       0       2       0                               0D     84
     110      63       0       0       0                        01010000D     85
     110       0       0       1       0                               0D     86
     126      64       0       0       0                        01010500D     87
     126       0       0       2       0                               0D     88
     100      66       0       0       0                        01010000D     89
     100       0       0       1       0                               0D     90
     102      67       0       0       0                        01010500D     91
     102       0       0       1       0                               0D     92
     102      68       0       0       0                        01010000D     93
     102       0       0       1       0                               0D     94
     142      69       0       0       0                        00010500D     95
     142       0       0       1       0                               0D     96
     144      70       0       0       0                        00000000D     97
     144       0      -1       1       0                               0D     98
     110      71       0       0       0                        01010000D     99
     110       0       0       1       0                               0D    100
     110      72       0       0       0                        01010000D    101
     110       0       0       1       0                               0D    102
     120      73       0       0       0                        01010000D    103
     120       0       0       1       0                               0D    104
     126      74       0       0       0                        01010500D    105
     126       0       0       2       0                               0D    106
     110      76       0       0       0                        01010000D    107
     110       0       0       1       0                               0D    108
     126      77       0       0       0                        01010500D    109
     126       0       0       2       0                               0D    110
     124      79       0       0       0                        00000000D    111
     124       0       0       4       0                               0D    112
     100      83       0       0       0             111        01010000D    113
     100       0       0       1       0                               0D    114
     126      84       0       0       0                        01010500D    115
     126       0       0       2       0                               0D    116
     110      86       0       0       0                        01010000D    117
     110       0       0       1       0                               0D    118
     126      87       0       0       0                        01010500D    119
     126       0       0       2       0                               0D    120
     100      89       0       0       0                        01010000D    121
     100       0       0       1       0                               0D    122
     102      90       0       0       0                        01010500D    123
     102       0       0       1       0                               0D    124
     102      91       0       0       0                        01010000D    125
     102       0       0       1       0                               0D    126
     142      92       0       0       0                        00010500D    127
     142       0       0       1       0                               0D    128
     144      93       0       0       0                        00000000D    129
     144       0      -1       1       0                               0D    130
     128      94       0       0       0                        01010000D    131
     128       0       0       3       0                               0D    132
     126      97       0       0       0                        01010500D    133
     126       0       0       2       0                               0D    134
     110      99       0       0       0                        01010000D    135
     110       0       0       1       0                               0D    136
     126     100       0       0       0                        01010500D    137
     126       0       0      11       0                               0D    138
     100     111       0       0       0                        01010000D    139
     100       0       0       1       0                               0D    140
     126     112       0       0       0                        01010500D    141
     126       0       0       2       0                               0D    142
     110     114       0       0       0                        01010000D    143
     110       0       0       1       0                               0D    144
     126     115       0       0       0                        01010500D    145
     126       0       0      11       0                               0D    146
     100     126       0       0       0                        01010000D    147
     100       0       0       1       0                               0D    148
     126     127       0       0       0                        01010500D    149
     126       0       0       2       0                               0D    150
     110     129       0       0       0                        01010000D    151
     110       0       0       1       0                               0D    152
     126     130       0       0       0                        01010500D    153
     126       0       0      11       0                               0D    154
     100     141       0       0       0                        01010000D    155
     100       0       0       1       0                               0D    156
     126     142       0       0       0                        01010500D    157
     126       0       0       2       0                               0D    158
     110     144       0       0       0                        01010000D    159
     110       0       0       1       0                               0D    160
     126     145       0       0       0                        01010500D    161
     126       0       0      11       0                               0D    162
     100     156       0       0       0                        01010000D    163
     100       0       0       1       0                               0D    164
     102     157       0       0       0                        01010500D    165
     102       0       0       1       0                               0D    166
     102     158       0       0       0                        01010000D    167
     102       0       0       1       0                               0D    168
     142     159       0       0       0                        00010500D    169
     142       0       0       1       0                               0D    170
     126     160       0       0       0                        01010500D    171
     126       0       0      21       0                               0D    172
     124     181       0       0       0                        00000000D    173
     124       0       0       4       0                               0D    174
     100     185       0       0       0             173        01010000D    175
     100       0       0       1       0                               0D    176
     126     186       0       0       0                        01010500D    177
     126       0       0      21       0                               0D    178
     124     207       0       0       0                        00000000D    179
     124       0       0       4       0                               0D    180
     100     211       0       0       0             179        01010000D    181
     100       0       0       1       0                               0D    182
     102     212       0       0       0                        01010500D    183
     102       0       0       1       0                               0D    184
     102     213       0       0       0                        01010000D    185
     102       0       0       1       0                               0D    186
     142     214       0       0       0                        00010500D    187
     142       0       0       1       0                               0D    188
     126     215       0       0       0                        01010500D    189
     126       0       0      21       0                               0D    190
     124     236       0       0       0                        00000000D    191
     124       0       0       4       0                               0D    192
     100     240       0       0       0             191        01010000D    193
     100       0       0       1       0                               0D    194
     126     241       0       0       0                        01010500D    195
     126       0       0      21       0                               0D    196
     124     262       0       0       0                        00000000D    197
     124       0       0       4       0                               0D    198
     100     266       0       0       0             197        01010000D    199
     100       0       0       1       0                               0D    200
     102     267       0       0       0                        01010500D    201
     102       0       0       1       0                               0D    202
     102     268       0       0       0                        01010000D    203
     102       0       0       1       0                               0D    204
     142     269       0       0       0                        00010500D    205
     142       0       0       1       0                               0D    206
     126     270       0       0       0                        01010500D    207
     126       0       0      21       0                               0D    208
     124     291       0       0       0                        00000000D    209
     124       0       0       4       0                               0D    210
     100     295       0       0       0             209        01010000D    211
     100       0       0       1       0                               0D    212
     126     296       0       0       0                        01010500D    213
     126       0       0      21       0                               0D    214
     124     317       0       0       0                        00000000D    215
     124       0       0       4       0                               0D    216
     100     321       0       0       0             215        01010000D    217
     100       0       0       1       0                               0D    218
     102     322       0       0       0                        01010500D    219
     102       0       0       1       0                               0D    220
     102     323       0       0       0                        01010000D    221
     102       0       0       1       0                               0D    222
     142     324       0       0       0                        00010500D    223
     142       0       0       1       0                               0D    224
     126     325       0       0       0                        01010500D    225
     126       0       0      21       0                               0D    226
     124     346       0       0       0                        00000000D    227
     124       0       0       4       0                               0D    228
     100     350       0       0       0             227        01010000D    229
     100       0       0       1       0                               0D    230
     126     351       0       0       0                        01010500D    231
     126       0       0      21       0                               0D    232
     124     372       0       0       0                        00000000D    233
     124       0       0       4       0                               0D    234
     100     376       0       0       0             233        01010000D    235
     100       0       0       1       0                               0D    236
     102     377       0       0       0                        01010500D    237
     102       0       0       1       0                               0D    238
     102     378       0       0       0                        01010000D    239
     102       0       0       1       0                               0D    240
     142     379       0       0       0                        00010500D    241
     142       0       0       1       0                               0D    242
     126     380       0       0       0                        01010500D    243
     126       0       0       2       0                               0D    244
     110     382       0       0       0                        01010000D    245
     110       0       0       1       0                               0D    246
     126     383       0       0       0                        01010500D    247
     126       0       0      12       0                               0D    248
     124     395       0       0       0                        00000000D    249
     124       0       0       5       0                               0D    250
     100     400       0       0       0             249        01010000D    251
     100       0       0       2       0                               0D    252
     126     402       0       0       0                        01010500D    253
     126       0       0       2       0                               0D    254
     110     404       0       0       0                        01010000D    255
     110       0       0       1       0                               0D    256
     126     405       0       0       0                        01010500D    257
     126       0       0      12       0                               0D    258
     124     417       0       0       0                        00000000D    259
     124       0       0       4       0                               0D    260
     100     421       0       0       0             259        01010000D    261
     100       0       0       2       0                               0D    262
     126     423       0       0       0                        01010500D    263
     126       0       0       2       0                               0D    264
     110     425       0       0       0                        01010000D    265
     110       0       0       2       0                               0D    266
     126     427       0       0       0                        01010500D    267
     126       0       0      12       0                               0D    268
     124     439       0       0       0                        00000000D    269
     124       0       0       4       0                               0D    270
     100     443       0       0       0             269        01010000D    271
     100       0       0       2       0                               0D    272
     126     445       0       0       0                        01010500D    273
     126       0       0       2       0                               0D    274
     110     447       0       0       0                        01010000D    275
     110       0       0       2       0                               0D    276
     126     449       0       0       0                        01010500D    277
     126       0       0      12       0                               0D    278
     124     461       0       0       0                        00000000D    279
     124       0       0       2       0                               0D    280
     100     463       0       0       0             279        01010000D    281
     100       0       0       2       0                               0D    282
     102     465       0       0       0                        01010500D    283
     102       0       0       1       0                               0D    284
     102     466       0       0       0                        01010000D    285
     102       0       0       1       0                               0D    286
     142     467       0       0       0                        00010500D    287
     142       0       0       1       0                               0D    288
     144     468       0       0       0                        00000000D    289
     144       0      -1       1       0                               0D    290
     128     469       0       0       0                        01010000D    291
     128       0       0       3       0                               0D    292
     126     472       0       0       0                        01010500D    293
     126       0       0       2       0                               0D    294
     110     474       0       0       0                        01010000D    295
     110       0       0       1       0                               0D    296
     126     475       0       0       0                        01010500D    297
     126       0       0       2       0                               0D    298
     110     477       0       0       0                        01010000D    299
     110       0       0       1       0                               0D    300
     126     478       0       0       0                        01010500D    301
     126       0       0       2       0                               0D    302
     110     480       0       0       0                        01010000D    303
     110       0       0       1       0                               0D    304
     126     481       0       0       0                        01010500D    305
     126       0       0       2       0                               0D    306
     110     483       0       0       0                        01010000D    307
     110       0       0       1       0                               0D    308
     102     484       0       0       0                        01010500D    309
     102       0       0       1       0                               0D    310
     102     485       0       0       0                        01010000D    311
     102       0       0       1       0                               0D    312
     142     486       0       0       0                        00010500D    313
     142       0       0       1       0                               0D    314
     144     487       0       0       0                        00000000D    315
     144       0      -1       1       0                               0D    316
     128     488       0       0       0                        01010000D    317
     128       0       0       2       0                               0D    318
     126     490       0       0       0                        01010500D    319
     126       0       0       2       0                               0D    320
     110     492       0       0       0                        01010000D    321
     110       0       0       1       0                               0D    322
     126     493       0       0       0                        01010500D    323
     126       0       0       2       0                               0D    324
     110     495       0       0       0                        01010000D    325
     110       0       0       1       0                               0D    326
     126     496       0       0       0                        01010500D    327
     126       0       0       2       0                               0D    328
     110     498       0       0       0                        01010000D    329
     110       0       0       1       0                               0D    330
     126     499       0       0       0                        01010500D    331
     126       0       0       2       0                               0D    332
     110     501       0       0       0                        01010000D    333
     110       0       0       1       0                               0D    334
     102     502       0       0       0                        01010500D    335
     102       0       0       1       0                               0D    336
     102     503       0       0       0                        01010000D    337
     102       0       0       1       0                               0D    338
     142     504       0       0       0                        00010500D    339
     142       0       0       1       0                               0D    340
     144     505       0       0       0                        00000000D    341
     144       0      -1       1       0                               0D    342
     128     506       0       0       0                        01010000D    343
     128       0       0       2       0                               0D    344
     126     508       0       0       0                        01010500D    345
     126       0       0       2       0                               0D    346
     110     510       0       0       0                        01010000D    347
     110       0       0       1       0                               0D    348
     126     511       0       0       0                        01010500D    349
     126       0       0       2       0                               0D    350
     110     513       0       0       0                        01010000D    351
     110       0       0       1       0                               0D    352
     126     514       0       0       0                        01010500D    353
     126       0       0       2       0                               0D    354
     110     516       0       0       0                        01010000D    355
     110       0       0       1       0                               0D    356
     126     517       0       0       0                        01010500D    357
     126       0       0       2       0                               0D    358
     110     519       0       0       0                        01010000D    359
     110       0       0       1       0                               0D    360
     102     520       0       0       0                        01010500D    361
     102       0       0       1       0                               0D    362
     102     521       0       0       0                        01010000D    363
     102       0       0       1       0                               0D    364
     142     522       0       0       0                        00010500D    365
     142       0       0       1       0                               0D    366
     144     523       0       0       0                        00000000D    367
     144       0      -1       1       0                               0D    368
     128     524       0       0       0                        01010000D    369
     128       0       0       2       0                               0D    370
     126     526       0       0       0                        01010500D    371
     126       0       0       2       0                               0D    372
     110     528       0       0       0                        01010000D    373
     110       0       0       1       0                               0D    374
     126     529       0       0       0                        01010500D    375
     126       0       0       2       0                               0D    376
     110     531       0       0       0                        01010000D    377
     110       0       0       1       0                               0D    378
     126     532       0       0       0                        01010500D    379
     126       0       0       2       0                               0D    380
     110     534       0       0       0                        01010000D    381
     110       0       0       1       0                               0D    382
     126     535       0       0       0                        01010500D    383
     126       0       0       2       0                               0D    384
     110     537       0       0       0                        01010000D    385
     110       0       0       1       0                               0D    386
     102     538       0       0       0                        01010500D    387
     102       0       0       1       0                               0D    388
     102     539       0       0       0                        01010000D    389
     102       0       0       1       0                               0D    390
     142     540       0       0       0                        00010500D    391
     142       0       0       1       0                               0D    392
     144     541       0       0       0                        00000000D    393
     144       0      -1       1       0                               0D    394
     128     542       0       0       0                        01010000D    395
     128       0       0       3       0                               0D    396
     126     545       0       0       0                        01010500D    397
     126       0       0      11       0                               0D    398
     100     556       0       0       0                        01010000D    399
     100       0       0       1       0                               0D    400
     126     557       0       0       0                        01010500D    401
     126       0       0       2       0                               0D    402
     110     559       0       0       0                        01010000D    403
     110       0       0       1       0                               0D    404
     126     560       0       0       0                        01010500D    405
     126       0       0      11       0                               0D    406
     100     571       0       0       0                        01010000D    407
     100       0       0       1       0                               0D    408
     126     572       0       0       0                        01010500D    409
     126       0       0       2       0                               0D    410
     110     574       0       0       0                        01010000D    411
     110       0       0       1       0                               0D    412
     126     575       0       0       0                        01010500D    413
     126       0       0      11       0                               0D    414
     100     586       0       0       0                        01010000D    415
     100       0       0       1       0                               0D    416
     126     587       0       0       0                        01010500D    417
     126       0       0       2       0                               0D    418
     110     589       0       0       0                        01010000D    419
     110       0       0       1       0                               0D    420
     126     590       0       0       0                        01010500D    421
     126       0       0      11       0                               0D    422
     100     601       0       0       0                        01010000D    423
     100       0       0       1       0                               0D    424
     126     602       0       0       0                        01010500D    425
     126       0       0       2       0                               0D    426
     110     604       0       0       0                        01010000D    427
     110       0       0       1       0                               0D    428
     102     605       0       0       0                        01010500D    429
     102       0       0       1       0                               0D    430
     102     606       0       0       0                        01010000D    431
     102       0       0       1       0                               0D    432
     142     607       0       0       0                        00010500D    433
     142       0       0       1       0                               0D    434
     126     608       0       0       0                        01010500D    435
     126       0       0      21       0                               0D    436
     124     629       0       0       0                        00000000D    437
     124       0       0       4       0                               0D    438
     100     633       0       0       0             437        01010000D    439
     100       0       0       1       0                               0D    440
     126     634       0       0       0                        01010500D    441
     126       0       0      21       0                               0D    442
     124     655       0       0       0                        00000000D    443
     124       0       0       4       0                               0D    444
     100     659       0       0       0             443        01010000D    445
     100       0       0       1       0                               0D    446
     102     660       0       0       0                        01010500D    447
     102       0       0       1       0                               0D    448
     102     661       0       0       0                        01010000D    449
     102       0       0       1       0                               0D    450
     142     662       0       0       0                        00010500D    451
     142       0       0       1       0                               0D    452
     126     663       0       0       0                        01010500D    453
     126       0       0      21       0                               0D    454
     124     684       0       0       0                        00000000D    455
     124       0       0       4       0                               0D    456
     100     688       0       0       0             455        01010000D    457
     100       0       0       1       0                               0D    458
     126     689       0       0       0                        01010500D    459
     126       0       0      21       0                               0D    460
     124     710       0       0       0                        00000000D    461
     124       0       0       4       0                               0D    462
     100     714       0       0       0             461        01010000D    463
     100       0       0       1       0                               0D    464
     102     715       0       0       0                        01010500D    465
     102       0       0       1       0                               0D    466
     102     716       0       0       0                        01010000D    467
     102       0       0       1       0                               0D    468
     142     717       0       0       0                        00010500D    469
     142       0       0       1       0                               0D    470
     126     718       0       0       0                        01010500D    471
     126       0       0      21       0                               0D    472
     124     739       0       0       0                        00000000D    473
     124       0       0       4       0                               0D    474
     100     743       0       0       0             473        01010000D    475
     100       0       0       1       0                               0D    476
     126     744       0       0       0                        01010500D    477
     126       0       0      21       0                               0D    478
     124     765       0       0       0                        00000000D    479
     124       0       0       4       0                               0D    480
     100     769       0       0       0             479        01010000D    481
     100       0       0       1       0                               0D    482
     102     770       0       0       0                        01010500D    483
     102       0       0       1       0                               0D    484
     102     771       0       0       0                        01010000D    485
     102       0       0       1       0                               0D    486
     142     772       0       0       0                        00010500D    487
     142       0       0       1       0                               0D    488
     126     773       0       0       0                        01010500D    489
     126       0       0      21       0                               0D    490
     124     794       0       0       0                        00000000D    491
     124       0       0       4       0                               0D    492
     100     798       0       0       0             491        01010000D    493
     100       0       0       1       0                               0D    494
     126     799       0       0       0                        01010500D    495
     126       0       0      21       0                               0D    496
     124     820       0       0       0                        00000000D    497
     124       0       0       4       0                               0D    498
     100     824       0       0       0             497        01010000D    499
     100       0       0       1       0                               0D    500
     102     825       0       0       0                        01010500D    501
     102       0       0       1       0                               0D    502
     102     826       0       0       0                        01010000D    503
     102       0       0       1       0                               0D    504
     142     827       0       0       0                        00010500D    505
     142       0       0       1       0                               0D    506
     144     828       0       0       0                        00000000D    507
     144       0      -1       1       0                               0D    508
     110     829       0       0       0                        01010000D    509
     110       0       0       1       0                               0D    510
     110     830       0       0       0                        01010000D    511
     110       0       0       1       0                               0D    512
     120     831       0       0       0                        01010000D    513
     120       0       0       1       0                               0D    514
     126     832       0       0       0                        01010500D    515
     126       0       0       2       0                               0D    516
     124     834       0       0       0                        00000000D    517
     124       0       0       4       0                               0D    518
     100     838       0       0       0             517        01010000D    519
     100       0       0       1       0                               0D    520
     126     839       0       0       0                        01010500D    521
     126       0       0       2       0                               0D    522
     110     841       0       0       0                        01010000D    523
     110       0       0       1       0                               0D    524
     126     842       0       0       0                        01010500D    525
     126       0       0       2       0                               0D    526
     100     844       0       0       0                        01010000D    527
     100       0       0       1       0                               0D    528
     126     845       0       0       0                        01010500D    529
     126       0       0       2       0                               0D    530
     110     847       0       0       0                        01010000D    531
     110       0       0       1       0                               0D    532
     102     848       0       0       0                        01010500D    533
     102       0       0       1       0                               0D    534
     102     849       0       0       0                        01010000D    535
     102       0       0       1       0                               0D    536
     142     850       0       0       0                        00010500D    537
     142       0       0       1       0                               0D    538
     144     851       0       0       0                        00000000D    539
     144       0      -1       1       0                               0D    540
     110     852       0       0       0                        01010000D    541
     110       0       0       1       0                               0D    542
     110     853       0       0       0                        01010000D    543
     110       0       0       1       0                               0D    544
     120     854       0       0       0                        01010000D    545
     120       0       0       1       0                               0D    546
     126     855       0       0       0                        01010500D    547
     126       0       0       2       0                               0D    548
     124     857       0       0       0                        00000000D    549
     124       0       0       4       0                               0D    550
     100     861       0       0       0             549        01010000D    551
     100       0       0       1       0                               0D    552
     126     862       0       0       0                        01010500D    553
     126       0       0       2       0                               0D    554
     110     864       0       0       0                        01010000D    555
     110       0       0       1       0                               0D    556
     126     865       0       0       0                        01010500D    557
     126       0       0       2       0                               0D    558
     100     867       0       0       0                        01010000D    559
     100       0       0       1       0                               0D    560
     126     868       0       0       0                        01010500D    561
     126       0       0       2       0                               0D    562
     110     870       0       0       0                        01010000D    563
     110       0       0       1       0                               0D    564
     102     871       0       0       0                        01010500D    565
     102       0       0       1       0                               0D    566
     102     872       0       0       0                        01010000D    567
     102       0       0       1       0                               0D    568
     142     873       0       0       0                        00010500D    569
     142       0       0       1       0                               0D    570
     144     874       0       0       0                        00000000D    571
     144       0      -1       1       0                               0D    572
     110     875       0       0       0                        01010000D    573
     110       0       0       1       0                               0D    574
     110     876       0       0       0                        01010000D    575
     110       0       0       1       0                               0D    576
     120     877       0       0       0                        01010000D    577
     120       0       0       1       0                               0D    578
     126     878       0       0       0                        01010500D    579
     126       0       0       2       0                               0D    580
     124     880       0       0       0                        00000000D    581
     124       0       0       4       0                               0D    582
     100     884       0       0       0             581        01010000D    583
     100       0       0       1       0                               0D    584
     126     885       0       0       0                        01010500D    585
     126       0       0       2       0                               0D    586
     110     887       0       0       0                        01010000D    587
     110       0       0       1       0                               0D    588
     126     888       0       0       0                        01010500D    589
     126       0       0       2       0                               0D    590
     100     890       0       0       0                        01010000D    591
     100       0       0       1       0                               0D    592
     126     891       0       0       0                        01010500D    593
     126       0       0       2       0                               0D    594
     110     893       0       0       0                        01010000D    595
     110       0       0       1       0                               0D    596
     102     894       0       0       0                        01010500D    597
     102       0       0       1       0                               0D    598
     102     895       0       0       0                        01010000D    599
     102       0       0       1       0                               0D    600
     142     896       0       0       0                        00010500D    601
     142       0       0       1       0                               0D    602
     144     897       0       0       0                        00000000D    603
     144       0      -1       1       0                               0D    604
     110     898       0       0       0                        01010000D    605
     110       0       0       1       0                               0D    606
     110     899       0       0       0                        01010000D    607
     110       0       0       1       0                               0D    608
     120     900       0       0       0                        01010000D    609
     120       0       0       1       0                               0D    610
     126     901       0       0       0                        01010500D    611
     126       0       0       2       0                               0D    612
     124     903       0       0       0                        00000000D    613
     124       0       0       4       0                               0D    614
     100     907       0       0       0             613        01010000D    615
     100       0       0       1       0                               0D    616
     126     908       0       0       0                        01010500D    617
     126       0       0       2       0                               0D    618
     110     910       0       0       0                        01010000D    619
     110       0       0       1       0                               0D    620
     126     911       0       0       0                        01010500D    621
     126       0       0       2       0                               0D    622
     100     913       0       0       0                        01010000D    623
     100       0       0       1       0                               0D    624
     126     914       0       0       0                        01010500D    625
     126       0       0       2       0                               0D    626
     110     916       0       0       0                        01010000D    627
     110       0       0       1       0                               0D    628
     102     917       0       0       0                        01010500D    629
     102       0       0       1       0                               0D    630
     102     918       0       0       0                        01010000D    631
     102       0       0       1       0                               0D    632
     142     919       0       0       0                        00010500D    633
     142       0       0       1       0                               0D    634
     144     920       0       0       0                        00000000D    635
     144       0      -1       1       0                               0D    636
     128     921       0       0       0                        01010000D    637
     128       0       0       4       0                               0D    638
     126     925       0       0       0                        01010500D    639
     126       0       0       2       0                               0D    640
     110     927       0       0       0                        01010000D    641
     110       0       0       1       0                               0D    642
     126     928       0       0       0                        01010500D    643
     126       0       0       2       0                               0D    644
     110     930       0       0       0                        01010000D    645
     110       0       0       1       0                               0D    646
     126     931       0       0       0                        01010500D    647
     126       0       0       2       0                               0D    648
     110     933       0       0       0                        01010000D    649
     110       0       0       2       0                               0D    650
     126     935       0       0       0                        01010500D    651
     126       0       0       2       0                               0D    652
     110     937       0       0       0                        01010000D    653
     110       0       0       1       0                               0D    654
     102     938       0       0       0                        01010500D    655
     102       0       0       1       0                               0D    656
     102     939       0       0       0                        01010000D    657
     102       0       0       1       0                               0D    658
     142     940       0       0       0                        00010500D    659
     142       0       0       1       0                               0D    660
     144     941       0       0       0                        00000000D    661
     144       0      -1       1       0                               0D    662
     128     942       0       0       0                        01010000D    663
     128       0       0       4       0                               0D    664
     126     946       0       0       0                        01010500D    665
     126       0       0       2       0                               0D    666
     110     948       0       0       0                        01010000D    667
     110       0       0       2       0                               0D    668
     126     950       0       0       0                        01010500D    669
     126       0       0       2       0                               0D    670
     110     952       0       0       0                        01010000D    671
     110       0       0       1       0                               0D    672
     126     953       0       0       0                        01010500D    673
     126       0       0       2       0                               0D    674
     110     955       0       0       0                        01010000D    675
     110       0       0       1       0                               0D    676
     126     956       0       0       0                        01010500D    677
     126       0       0       2       0                               0D    678
     110     958       0       0       0                        01010000D    679
     110       0       0       1       0                               0D    680
     102     959       0       0       0                        01010500D    681
     102       0       0       1       0                               0D    682
     102     960       0       0       0                        01010000D    683
     102       0       0       1       0                               0D    684
     142     961       0       0       0                        00010500D    685
     142       0       0       1       0                               0D    686
     144     962       0       0       0                        00000000D    687
     144       0      -1       1       0                               0D    688
     128     963       0       0       0                        01010000D    689
     128       0       0       4       0                               0D    690
     126     967       0       0       0                        01010500D    691
     126       0       0       2       0                               0D    692
     110     969       0       0       0                        01010000D    693
     110       0       0       2       0                               0D    694
     126     971       0       0       0                        01010500D    695
     126       0       0       2       0                               0D    696
     110     973       0       0       0                        01010000D    697
     110       0       0       2       0                               0D    698
     126     975       0       0       0                        01010500D    699
     126       0       0       2       0                               0D    700
     110     977       0       0       0                        01010000D    701
     110       0       0       2       0                               0D    702
     126     979       0       0       0                        01010500D    703
     126       0       0       2       0                               0D    704
     110     981       0       0       0                        01010000D    705
     110       0       0       2       0                               0D    706
     102     983       0       0       0                        01010500D    707
     102       0       0       1       0                               0D    708
     102     984       0       0       0                        01010000D    709
     102       0       0       1       0                               0D    710
     142     985       0       0       0                        00010500D    711
     142       0       0       1       0                               0D    712
     144     986       0       0       0                        00000000D    713
     144       0      -1       1       0                               0D    714
     128     987       0       0       0                        01010000D    715
     128       0       0       4       0                               0D    716
     126     991       0       0       0                        01010500D    717
     126       0       0       2       0                               0D    718
     110     993       0       0       0                        01010000D    719
     110       0       0       2       0                               0D    720
     126     995       0       0       0                        01010500D    721
     126       0       0       2       0                               0D    722
     110     997       0       0       0                        01010000D    723
     110       0       0       2       0                               0D    724
     126     999       0       0       0                        01010500D    725
     126       0       0       2       0                               0D    726
     110    1001       0       0       0                        01010000D    727
     110       0       0       2       0                               0D    728
     126    1003       0       0       0                        01010500D    729
     126       0       0       2       0                               0D    730
     110    1005       0       0       0                        01010000D    731
     110       0       0       2       0                               0D    732
     102    1007       0       0       0                        01010500D    733
     102       0       0       1       0                               0D    734
     102    1008       0       0       0                        01010000D    735
     102       0       0       1       0                               0D    736
     142    1009       0       0       0                        00010500D    737
     142       0       0       1       0                               0D    738
     144    1010       0       0       0                        00000000D    739
     144       0      -1       1       0                               0D    740
     128    1011       0       0       0                        01010000D    741
     128       0       0       4       0                               0D    742
     126    1015       0       0       0                        01010500D    743
     126       0       0      11       0                               0D    744
     124    1026       0       0       0                        00000000D    745
     124       0       0       4       0                               0D    746
     100    1030       0       0       0             745        01010000D    747
     100       0       0       2       0                               0D    748
     126    1032       0       0       0                        01010500D    749
     126       0       0       2       0                               0D    750
     110    1034       0       0       0                        01010000D    751
     110       0       0       2       0                               0D    752
     126    1036       0       0       0                        01010500D    753
     126       0       0      11       0                               0D    754
     124    1047       0       0       0                        00000000D    755
     124       0       0       2       0                               0D    756
     100    1049       0       0       0             755        01010000D    757
     100       0       0       2       0                               0D    758
     126    1051       0       0       0                        01010500D    759
     126       0       0       2       0                               0D    760
     110    1053       0       0       0                        01010000D    761
     110       0       0       1       0                               0D    762
     126    1054       0       0       0                        01010500D    763
     126       0       0      11       0                               0D    764
     124    1065       0       0       0                        00000000D    765
     124       0       0       5       0                               0D    766
     100    1070       0       0       0             765        01010000D    767
     100       0       0       2       0                               0D    768
     126    1072       0       0       0                        01010500D    769
     126       0       0       2       0                               0D    770
     110    1074       0       0       0                        01010000D    771
     110       0       0       1       0                               0D    772
     126    1075       0       0       0                        01010500D    773
     126       0       0      11       0                               0D    774
     124    1086       0       0       0                        00000000D    775
     124       0       0       4       0                               0D    776
     100    1090       0       0       0             775        01010000D    777
     100       0       0       2       0                               0D    778
     126    1092       0       0       0                        01010500D    779
     126       0       0       2       0                               0D    780
     110    1094       0       0       0                        01010000D    781
     110       0       0       2       0                               0D    782
     102    1096       0       0       0                        01010500D    783
     102       0       0       1       0                               0D    784
     102    1097       0       0       0                        01010000D    785
     102       0       0       1       0                               0D    786
     142    1098       0       0       0                        00010500D    787
     142       0       0       1       0                               0D    788
     126    1099       0       0       0                        01010500D    789
     126       0       0      11       0                               0D    790
     100    1110       0       0       0                        01010000D    791
     100       0       0       1       0                               0D    792
     126    1111       0       0       0                        01010500D    793
     126       0       0       2       0                               0D    794
     110    1113       0       0       0                        01010000D    795
     110       0       0       1       0                               0D    796
     126    1114       0       0       0                        01010500D    797
     126       0       0      11       0                               0D    798
     100    1125       0       0       0                        01010000D    799
     100       0       0       1       0                               0D    800
     126    1126       0       0       0                        01010500D    801
     126       0       0       2       0                               0D    802
     110    1128       0       0       0                        01010000D    803
     110       0       0       1       0                               0D    804
     126    1129       0       0       0                        01010500D    805
     126       0       0      11       0                               0D    806
     100    1140       0       0       0                        01010000D    807
     100       0       0       1       0                               0D    808
     126    1141       0       0       0                        01010500D    809
     126       0       0       2       0                               0D    810
     110    1143       0       0       0                        01010000D    811
     110       0       0       1       0                               0D    812
     126    1144       0       0       0                        01010500D    813
     126       0       0      11       0                               0D    814
     100    1155       0       0       0                        01010000D    815
     100       0       0       1       0                               0D    816
     126    1156       0       0       0                        01010500D    817
     126       0       0       2       0                               0D    818
     110    1158       0       0       0                        01010000D    819
     110       0       0       1       0                               0D    820
     102    1159       0       0       0                        01010500D    821
     102       0       0       1       0                               0D    822
     102    1160       0       0       0                        01010000D    823
     102       0       0       1       0                               0D    824
     142    1161       0       0       0                        00010500D    825
     142       0       0       1       0                               0D    826
     144    1162       0       0       0                        00000000D    827
     144       0      -1       1       0                               0D    828
     110    1163       0       0       0                        01010000D    829
     110       0       0       2       0                               0D    830
     110    1165       0       0       0                        01010000D    831
     110       0       0       2       0                               0D    832
     120    1167       0       0       0                        01010000D    833
     120       0       0       1       0                               0D    834
     126    1168       0       0       0                        01010500D    835
     126       0       0       2       0                               0D    836
     124    1170       0       0       0                        00000000D    837
     124       0       0       4       0                               0D    838
     100    1174       0       0       0             837        01010000D    839
     100       0       0       2       0                               0D    840
     126    1176       0       0       0                        01010500D    841
     126       0       0       2       0                               0D    842
     110    1178       0       0       0                        01010000D    843
     110       0       0       2       0                               0D    844
     126    1180       0       0       0                        01010500D    845
     126       0       0       2       0                               0D    846
     100    1182       0       0       0                        01010000D    847
     100       0       0       2       0                               0D    848
     126    1184       0       0       0                        01010500D    849
     126       0       0       2       0                               0D    850
     110    1186       0       0       0                        01010000D    851
     110       0       0       2       0                               0D    852
     102    1188       0       0       0                        01010500D    853
     102       0       0       1       0                               0D    854
     102    1189       0       0       0                        01010000D    855
     102       0       0       1       0                               0D    856
     142    1190       0       0       0                        00010500D    857
     142       0       0       1       0                               0D    858
     144    1191       0       0       0                        00000000D    859
     144       0      -1       1       0                               0D    860
     110    1192       0       0       0                        01010000D    861
     110       0       0       2       0                               0D    862
     110    1194       0       0       0                        01010000D    863
     110       0       0       1       0                               0D    864
     120    1195       0       0       0                        01010000D    865
     120       0       0       1       0                               0D    866
     126    1196       0       0       0                        01010500D    867
     126       0       0       2       0                               0D    868
     124    1198       0       0       0                        00000000D    869
     124       0       0       5       0                               0D    870
     100    1203       0       0       0             869        01010000D    871
     100       0       0       2       0                               0D    872
     126    1205       0       0       0                        01010500D    873
     126       0       0       2       0                               0D    874
     110    1207       0       0       0                        01010000D    875
     110       0       0       1       0                               0D    876
     126    1208       0       0       0                        01010500D    877
     126       0       0       2       0                               0D    878
     100    1210       0       0       0                        01010000D    879
     100       0       0       2       0                               0D    880
     126    1212       0       0       0                        01010500D    881
     126       0       0       2       0                               0D    882
     110    1214       0       0       0                        01010000D    883
     110       0       0       1       0                               0D    884
     102    1215       0       0       0                        01010500D    885
     102       0       0       1       0                               0D    886
     102    1216       0       0       0                        01010000D    887
     102       0       0       1       0                               0D    888
     142    1217       0       0       0                        00010500D    889
     142       0       0       1       0                               0D    890
     144    1218       0       0       0                        00000000D    891
     144       0      -1       1       0                               0D    892
     110    1219       0       0       0                        01010000D    893
     110       0       0       2       0                               0D    894
     110    1221       0       0       0                        01010000D    895
     110       0       0       2       0                               0D    896
     120    1223       0       0       0                        01010000D    897
     120       0       0       1       0                               0D    898
     126    1224       0       0       0                        01010500D    899
     126       0       0       2       0                               0D    900
     124    1226       0       0       0                        00000000D    901
     124       0       0       2       0                               0D    902
     100    1228       0       0       0             901        01010000D    903
     100       0       0       2       0                               0D    904
     126    1230       0       0       0                        01010500D    905
     126       0       0       2       0                               0D    906
     110    1232       0       0       0                        01010000D    907
     110       0       0       2       0                               0D    908
     126    1234       0       0       0                        01010500D    909
     126       0       0       2       0                               0D    910
     100    1236       0       0       0                        01010000D    911
     100       0       0       2       0                               0D    912
     126    1238       0       0       0                        01010500D    913
     126       0       0       2       0                               0D    914
     110    1240       0       0       0                        01010000D    915
     110       0       0       2       0                               0D    916
     102    1242       0       0       0                        01010500D    917
     102       0       0       1       0                               0D    918
     102    1243       0       0       0                        01010000D    919
     102       0       0       1       0                               0D    920
     142    1244       0       0       0                        00010500D    921
     142       0       0       1       0                               0D    922
     144    1245       0       0       0                        00000000D    923
     144       0      -1       1       0                               0D    924
     110    1246       0       0       0                        01010000D    925
     110       0       0       2       0                               0D    926
     110    1248       0       0       0                        01010000D    927
     110       0       0       2       0                               0D    928
     120    1250       0       0       0                        01010000D    929
     120       0       0       1       0                               0D    930
     126    1251       0       0       0                        01010500D    931
     126       0       0       2       0                               0D    932
     124    1253       0       0       0                        00000000D    933
     124       0       0       4       0                               0D    934
     100    1257       0       0       0             933        01010000D    935
     100       0       0       2       0                               0D    936
     126    1259       0       0       0                        01010500D    937
     126       0       0       2       0                               0D    938
     110    1261       0       0       0                        01010000D    939
     110       0       0       2       0                               0D    940
     126    1263       0       0       0                        01010500D    941
     126       0       0       2       0                               0D    942
     100    1265       0       0       0                        01010000D    943
     100       0       0       2       0                               0D    944
     126    1267       0       0       0                        01010500D    945
     126       0       0       2       0                               0D    946
     110    1269       0       0       0                        01010000D    947
     110       0       0       2       0                               0D    948
     102    1271       0       0       0                        01010500D    949
     102       0       0       1       0                               0D    950
     102    1272       0       0       0                        01010000D    951
     102       0       0       1       0                               0D    952
     142    1273       0       0       0                        00010500D    953
     142       0       0       1       0                               0D    954
     144    1274       0       0       0                        00000000D    955
     144       0      -1       1       0                               0D    956
     128    1275       0       0       0                        01010000D    957
     128       0       0       2       0                               0D    958
     126    1277       0       0       0                        01010500D    959
     126       0       0       2       0                               0D    960
     110    1279       0       0       0                        01010000D    961
     110       0       0       1       0                               0D    962
     126    1280       0       0       0                        01010500D    963
     126       0       0       2       0                               0D    964
     110    1282       0       0       0                        01010000D    965
     110       0       0       1       0                               0D    966
     126    1283       0       0       0                        01010500D    967
     126       0       0       2       0                               0D    968
     110    1285       0       0       0                        01010000D    969
     110       0       0       1       0                               0D    970
     126    1286       0       0       0                        01010500D    971
     126       0       0       2       0                               0D    972
     110    1288       0       0       0                        01010000D    973
     110       0       0       1       0                               0D    974
     102    1289       0       0       0                        01010500D    975
     102       0       0       1       0                               0D    976
     102    1290       0       0       0                        01010000D    977
     102       0       0       1       0                               0D    978
     142    1291       0       0       0                        00010500D    979
     142       0       0       1       0                               0D    980
     144    1292       0       0       0                        00000000D    981
     144       0      -1       1       0                               0D    982
     128    1293       0       0       0                        01010000D    983
     128       0       0       2       0                               0D    984
     126    1295       0       0       0                        01010500D    985
     126       0       0       2       0                               0D    986
     110    1297       0       0       0                        01010000D    987
     110       0       0       1       0                               0D    988
     126    1298       0       0       0                        01010500D    989
     126       0       0       2       0                               0D    990
     110    1300       0       0       0                        01010000D    991
     110       0       0       1       0                               0D    992
     126    1301       0       0       0                        01010500D    993
     126       0       0       2       0                               0D    994
     110    1303       0       0       0                        01010000D    995
     110       0       0       1       0                               0D    996
     126    1304       0       0       0                        01010500D    997
     126       0       0       2       0                               0D    998
     110    1306       0       0       0                        01010000D    999
     110       0       0       1       0                               0D   1000
     102    1307       0       0       0                        01010500D   1001
     102       0       0       1       0                               0D   1002
     102    1308       0       0       0                        01010000D   1003
     102       0       0       1       0                               0D   1004
     142    1309       0       0       0                        00010500D   1005
     142       0       0       1       0                               0D   1006
     144    1310       0       0       0                        00000000D   1007
     144       0      -1       1       0                               0D   1008
     128    1311       0       0       0                        01010000D   1009
     128       0       0       2       0                               0D   1010
     126    1313       0       0       0                        01010500D   1011
     126       0       0       2       0                               0D   1012
     110    1315       0       0       0                        01010000D   1013
     110       0       0       1       0                               0D   1014
     126    1316       0       0       0                        01010500D   1015
     126       0       0       2       0                               0D   1016
     110    1318       0       0       0                        01010000D   1017
     110       0       0       1       0                               0D   1018
     126    1319       0       0       0                        01010500D   1019
     126       0       0       2       0                               0D   1020
     110    1321       0       0       0                        01010000D   1021
     110       0       0       1       0                               0D   1022
     126    1322       0       0       0                        01010500D   1023
     126       0       0       2       0                               0D   1024
     110    1324       0       0       0                        01010000D   1025
     110       0       0       1       0                               0D   1026
     102    1325       0       0       0                        01010500D   1027
     102       0       0       1       0                               0D   1028
     102    1326       0       0       0                        01010000D   1029
     102       0       0       1       0                               0D   1030
     142    1327       0       0       0                        00010500D   1031
     142       0       0       1       0                               0D   1032
     144    1328       0       0       0                        00000000D   1033
     144       0      -1       1       0                               0D   1034
     128    1329       0       0       0                        01010000D   1035
     128       0       0       2       0                               0D   1036
     126    1331       0       0       0                        01010500D   1037
     126       0       0       2       0                               0D   1038
     110    1333       0       0       0                        01010000D   1039
     110       0       0       1       0                               0D   1040
     126    1334       0       0       0                        01010500D   1041
     126       0       0       2       0                               0D   1042
     110    1336       0       0       0                        01010000D   1043
     110       0       0       1       0                               0D   1044
     126    1337       0       0       0                        01010500D   1045
     126       0       0       2       0                               0D   1046
     110    1339       0       0       0                        01010000D   1047
     110       0       0       1       0                               0D   1048
     126    1340       0       0       0                        01010500D   1049
     126       0       0       2       0                               0D   1050
     110    1342       0       0       0                        01010000D   1051
     110       0       0       1       0                               0D   1052
     102    1343       0       0       0                        01010500D   1053
     102       0       0       1       0                               0D   1054
     102    1344       0       0       0                        01010000D   1055
     102       0       0       1       0                               0D   1056
     142    1345       0       0       0                        00010500D   1057
     142       0       0       1       0                               0D   1058
     144    1346       0       0       0                        00000000D   1059
     144       0      -1       1       0                               0D   1060
     128    1347       0       0       0                        01010000D   1061
     128       0       0       2       0                               0D   1062
     126    1349       0       0       0                        01010500D   1063
     126       0       0      11       0                               0D   1064
     124    1360       0       0       0                        00000000D   1065
     124       0       0       4       0                               0D   1066
     100    1364       0       0       0            1065        01010000D   1067
     100       0       0       1       0                               0D   1068
     126    1365       0       0       0                        01010500D   1069
     126       0       0       2       0                               0D   1070
     110    1367       0       0       0                        01010000D   1071
     110       0       0       1       0                               0D   1072
     126    1368       0       0       0                        01010500D   1073
     126       0       0      11       0                               0D   1074
     124    1379       0       0       0                        00000000D   1075
     124       0       0       2       0                               0D   1076
     100    1381       0       0       0            1075        01010000D   1077
     100       0       0       1       0                               0D   1078
     126    1382       0       0       0                        01010500D   1079
     126       0       0       2       0                               0D   1080
     110    1384       0       0       0                        01010000D   1081
     110       0       0       1       0                               0D   1082
     126    1385       0       0       0                        01010500D   1083
     126       0       0      11       0                               0D   1084
     124    1396       0       0       0                        00000000D   1085
     124       0       0       4       0                               0D   1086
     100    1400       0       0       0            1085        01010000D   1087
     100       0       0       1       0                               0D   1088
     126    1401       0       0       0                        01010500D   1089
     126       0       0       2       0                               0D   1090
     110    1403       0       0       0                        01010000D   1091
     110       0       0       1       0                               0D   1092
     126    1404       0       0       0                        01010500D   1093
     126       0       0      11       0                               0D   1094
     124    1415       0       0       0                        00000000D   1095
     124       0       0       4       0                               0D   1096
     100    1419       0       0       0            1095        01010000D   1097
     100       0       0       1       0                               0D   1098
     126    1420       0       0       0                        01010500D   1099
     126       0       0       2       0                               0D   1100
     110    1422       0       0       0                        01010000D   1101
     110       0       0       1       0                               0D   1102
     102    1423       0       0       0                        01010500D   1103
     102       0       0       1       0                               0D   1104
     102    1424       0       0       0                        01010000D   1105
     102       0       0       1       0                               0D   1106
     142    1425       0       0       0                        00010500D   1107
     142       0       0       1       0                               0D   1108
     144    1426       0       0       0                        00000000D   1109
     144       0      -1       1       0                               0D   1110
     110    1427       0       0       0                        01010000D   1111
     110       0       0       1       0                               0D   1112
     110    1428       0       0       0                        01010000D   1113
     110       0       0       1       0                               0D   1114
     120    1429       0       0       0                        01010000D   1115
     120       0       0       1       0                               0D   1116
     126    1430       0       0       0                        01010500D   1117
     126       0       0       2       0                               0D   1118
     110    1432       0       0       0                        01010000D   1119
     110       0       0       1       0                               0D   1120
     126    1433       0       0       0                        01010500D   1121
     126       0       0       2       0                               0D   1122
     124    1435       0       0       0                        00000000D   1123
     124       0       0       4       0                               0D   1124
     100    1439       0       0       0            1123        01010000D   1125
     100       0       0       1       0                               0D   1126
     126    1440       0       0       0                        01010500D   1127
     126       0       0       2       0                               0D   1128
     110    1442       0       0       0                        01010000D   1129
     110       0       0       1       0                               0D   1130
     126    1443       0       0       0                        01010500D   1131
     126       0       0       2       0                               0D   1132
     100    1445       0       0       0                        01010000D   1133
     100       0       0       1       0                               0D   1134
     102    1446       0       0       0                        01010500D   1135
     102       0       0       1       0                               0D   1136
     102    1447       0       0       0                        01010000D   1137
     102       0       0       1       0                               0D   1138
     142    1448       0       0       0                        00010500D   1139
     142       0       0       1       0                               0D   1140
     144    1449       0       0       0                        00000000D   1141
     144       0      -1       1       0                               0D   1142
     110    1450       0       0       0                        01010000D   1143
     110       0       0       1       0                               0D   1144
     110    1451       0       0       0                        01010000D   1145
     110       0       0       1       0                               0D   1146
     120    1452       0       0       0                        01010000D   1147
     120       0       0       1       0                               0D   1148
     126    1453       0       0       0                        01010500D   1149
     126       0       0       2       0                               0D   1150
     110    1455       0       0       0                        01010000D   1151
     110       0       0       1       0                               0D   1152
     126    1456       0       0       0                        01010500D   1153
     126       0       0       2       0                               0D   1154
     124    1458       0       0       0                        00000000D   1155
     124       0       0       4       0                               0D   1156
     100    1462       0       0       0            1155        01010000D   1157
     100       0       0       1       0                               0D   1158
     126    1463       0       0       0                        01010500D   1159
     126       0       0       2       0                               0D   1160
     110    1465       0       0       0                        01010000D   1161
     110       0       0       1       0                               0D   1162
     126    1466       0       0       0                        01010500D   1163
     126       0       0       2       0                               0D   1164
     100    1468       0       0       0                        01010000D   1165
     100       0       0       1       0                               0D   1166
     102    1469       0       0       0                        01010500D   1167
     102       0       0       1       0                               0D   1168
     102    1470       0       0       0                        01010000D   1169
     102       0       0       1       0                               0D   1170
     142    1471       0       0       0                        00010500D   1171
     142       0       0       1       0                               0D   1172
     144    1472       0       0       0                        00000000D   1173
     144       0      -1       1       0                               0D   1174
     110    1473       0       0       0                        01010000D   1175
     110       0       0       1       0                               0D   1176
     110    1474       0       0       0                        01010000D   1177
     110       0       0       1       0                               0D   1178
     120    1475       0       0       0                        01010000D   1179
     120       0       0       1       0                               0D   1180
     126    1476       0       0       0                        01010500D   1181
     126       0       0       2       0                               0D   1182
     110    1478       0       0       0                        01010000D   1183
     110       0       0       1       0                               0D   1184
     126    1479       0       0       0                        01010500D   1185
     126       0       0       2       0                               0D   1186
     124    1481       0       0       0                        00000000D   1187
     124       0       0       2       0                               0D   1188
     100    1483       0       0       0            1187        01010000D   1189
     100       0       0       1       0                               0D   1190
     126    1484       0       0       0                        01010500D   1191
     126       0       0       2       0                               0D   1192
     110    1486       0       0       0                        01010000D   1193
     110       0       0       1       0                               0D   1194
     126    1487       0       0       0                        01010500D   1195
     126       0       0       2       0                               0D   1196
     100    1489       0       0       0                        01010000D   1197
     100       0       0       1       0                               0D   1198
     102    1490       0       0       0                        01010500D   1199
     102       0       0       1       0                               0D   1200
     102    1491       0       0       0                        01010000D   1201
     102       0       0       1       0                               0D   1202
     142    1492       0       0       0                        00010500D   1203
     142       0       0       1       0                               0D   1204
     144    1493       0       0       0                        00000000D   1205
     144       0      -1       1       0                               0D   1206
     110    1494       0       0       0                        01010000D   1207
     110       0       0       1       0                               0D   1208
     110    1495       0       0       0                        01010000D   1209
     110       0       0       1       0                               0D   1210
     120    1496       0       0       0                        01010000D   1211
     120       0       0       1       0                               0D   1212
     126    1497       0       0       0                        01010500D   1213
     126       0       0       2       0                               0D   1214
     110    1499       0       0       0                        01010000D   1215
     110       0       0       1       0                               0D   1216
     126    1500       0       0       0                        01010500D   1217
     126       0       0       2       0                               0D   1218
     124    1502       0       0       0                        00000000D   1219
     124       0       0       4       0                               0D   1220
     100    1506       0       0       0            1219        01010000D   1221
     100       0       0       1       0                               0D   1222
     126    1507       0       0       0                        01010500D   1223
     126       0       0       2       0                               0D   1224
     110    1509       0       0       0                        01010000D   1225
     110       0       0       1       0                               0D   1226
     126    1510       0       0       0                        01010500D   1227
     126       0       0       2       0                               0D   1228
     100    1512       0       0       0                        01010000D   1229
     100       0       0       1       0                               0D   1230
     102    1513       0       0       0                        01010500D   1231
     102       0       0       1       0                               0D   1232
     102    1514       0       0       0                        01010000D   1233
     102       0       0       1       0                               0D   1234
     142    1515       0       0       0                        00010500D   1235
     142       0       0       1       0                               0D   1236
     144    1516       0       0       0                        00000000D   1237
     144       0      -1       1       0                               0D   1238
     110    1517       0       0       0                        01010000D   1239
     110       0       0       1       0                               0D   1240
     110    1518       0       0       0                        01010000D   1241
     110       0       0       1       0                               0D   1242
     120    1519       0       0       0                        01010000D   1243
     120       0       0       1       0                               0D   1244
     126    1520       0       0       0                        01010500D   1245
     126       0       0       2       0                               0D   1246
     124    1522       0       0       0                        00000000D   1247
     124       0       0       4       0                               0D   1248
     100    1526       0       0       0            1247        01010000D   1249
     100       0       0       1       0                               0D   1250
     126    1527       0       0       0                        01010500D   1251
     126       0       0       2       0                               0D   1252
     110    1529       0       0       0                        01010000D   1253
     110       0       0       1       0                               0D   1254
     126    1530       0       0       0                        01010500D   1255
     126       0       0       2       0                               0D   1256
     100    1532       0       0       0                        01010000D   1257
     100       0       0       1       0                               0D   1258
     126    1533       0       0       0                        01010500D   1259
     126       0       0       2       0                               0D   1260
     110    1535       0       0       0                        01010000D   1261
     110       0       0       1       0                               0D   1262
     102    1536       0       0       0                        01010500D   1263
     102       0       0       1       0                               0D   1264
     102    1537       0       0       0                        01010000D   1265
     102       0       0       1       0                               0D   1266
     142    1538       0       0       0                        00010500D   1267
     142       0       0       1       0                               0D   1268
     144    1539       0       0       0                        00000000D   1269
     144       0      -1       1       0                               0D   1270
     110    1540       0       0       0                        01010000D   1271
     110       0       0       1       0                               0D   1272
     110    1541       0       0       0                        01010000D   1273
     110       0       0       1       0                               0D   1274
     120    1542       0       0       0                        01010000D   1275
     120       0       0       1       0                               0D   1276
     126    1543       0       0       0                        01010500D   1277
     126       0       0       2       0                               0D   1278
     124    1545       0       0       0                        00000000D   1279
     124       0       0       4       0                               0D   1280
     100    1549       0       0       0            1279        01010000D   1281
     100       0       0       1       0                               0D   1282
     126    1550       0       0       0                        01010500D   1283
     126       0       0       2       0                               0D   1284
     110    1552       0       0       0                        01010000D   1285
     110       0       0       1       0                               0D   1286
     126    1553       0       0       0                        01010500D   1287
     126       0       0       2       0                               0D   1288
     100    1555       0       0       0                        01010000D   1289
     100       0       0       1       0                               0D   1290
     126    1556       0       0       0                        01010500D   1291
     126       0       0       2       0                               0D   1292
     110    1558       0       0       0                        01010000D   1293
     110       0       0       1       0                               0D   1294
     102    1559       0       0       0                        01010500D   1295
     102       0       0       1       0                               0D   1296
     102    1560       0       0       0                        01010000D   1297
     102       0       0       1       0                               0D   1298
     142    1561       0       0       0                        00010500D   1299
     142       0       0       1       0                               0D   1300
     144    1562       0       0       0                        00000000D   1301
     144       0      -1       1       0                               0D   1302
     110    1563       0       0       0                        01010000D   1303
     110       0       0       1       0                               0D   1304
     110    1564       0       0       0                        01010000D   1305
     110       0       0       1       0                               0D   1306
     120    1565       0       0       0                        01010000D   1307
     120       0       0       1       0                               0D   1308
     126    1566       0       0       0                        01010500D   1309
     126       0       0       2       0                               0D   1310
     124    1568       0       0       0                        00000000D   1311
     124       0       0       4       0                               0D   1312
     100    1572       0       0       0            1311        01010000D   1313
     100       0       0       1       0                               0D   1314
     126    1573       0       0       0                        01010500D   1315
     126       0       0       2       0                               0D   1316
     110    1575       0       0       0                        01010000D   1317
     110       0       0       1       0                               0D   1318
     126    1576       0       0       0                        01010500D   1319
     126       0       0       2       0                               0D   1320
     100    1578       0       0       0                        01010000D   1321
     100       0       0       1       0                               0D   1322
     126    1579       0       0       0                        01010500D   1323
     126       0       0       2       0                               0D   1324
     110    1581       0       0       0                        01010000D   1325
     110       0       0       1       0                               0D   1326
     102    1582       0       0       0                        01010500D   1327
     102       0       0       1       0                               0D   1328
     102    1583       0       0       0                        01010000D   1329
     102       0       0       1       0                               0D   1330
     142    1584       0       0       0                        00010500D   1331
     142       0       0       1       0                               0D   1332
     144    1585       0       0       0                        00000000D   1333
     144       0      -1       1       0                               0D   1334
     110    1586       0       0       0                        01010000D   1335
     110       0       0       1       0                               0D   1336
     110    1587       0       0       0                        01010000D   1337
     110       0       0       1       0                               0D   1338
     120    1588       0       0       0                        01010000D   1339
     120       0       0       1       0                               0D   1340
     126    1589       0       0       0                        01010500D   1341
     126       0       0       2       0                               0D   1342
     124    1591       0       0       0                        00000000D   1343
     124       0       0       4       0                               0D   1344
     100    1595       0       0       0            1343        01010000D   1345
     100       0       0       1       0                               0D   1346
     126    1596       0       0       0                        01010500D   1347
     126       0       0       2       0                               0D   1348
     110    1598       0       0       0                        01010000D   1349
     110       0       0       1       0                               0D   1350
     126    1599       0       0       0                        01010500D   1351
     126       0       0       2       0                               0D   1352
     100    1601       0       0       0                        01010000D   1353
     100       0       0       1       0                               0D   1354
     126    1602       0       0       0                        01010500D   1355
     126       0       0       2       0                               0D   1356
     110    1604       0       0       0                        01010000D   1357
     110       0       0       1       0                               0D   1358
     102    1605       0       0       0                        01010500D   1359
     102       0       0       1       0                               0D   1360
     102    1606       0       0       0                        01010000D   1361
     102       0       0       1       0                               0D   1362
     142    1607       0       0       0                        00010500D   1363
     142       0       0       1       0                               0D   1364
     144    1608       0       0       0                        00000000D   1365
     144       0      -1       1       0                               0D   1366
314,79.2156862745098,81.9607843137255,93.3333333333333,;               1P      1
110,-85.,-45.,0.,-85.,-45.,1000.;                                      3P      2
110,-80.,-45.,0.,-80.,-45.,15.;                                        5P      3
120,3,5,0.,6.28318530717959;                                           7P      4
126,1,1,1,0,1,0,0.,0.,1.,1.,1.,1.,0.,6.283185307,0.,1.,                9P      5
6.283185307,0.,0.,1.,0.,0.,1.;                                         9P      6
110,-80.,-45.,0.,-80.,-45.,15.;                                       11P      7
126,1,1,1,0,1,0,0.,0.,1.,1.,1.,1.,1.,6.283185307,0.,1.,               13P      8
3.141592654,0.,0.,1.,0.,0.,1.;                                        13P      9
124,1.,-7.105427357601E-015,0.,-3.20299342604361E-013,                15P     10
-7.105427357601E-015,-1.,6.98296267768627E-015,                       15P     11
-90.0000000000007,-4.96169340471387E-029,                             15P     12
-6.98296267768627E-015,-1.,29.9999999999997;                          15P     13
100,15.,-85.,-45.,-80.,-45.,-90.,-45.;                                17P     14
126,1,1,1,0,1,0,0.,0.,1.,1.,1.,1.,1.,3.141592654,0.,0.,               19P     15
3.141592654,0.,0.,1.,0.,0.,1.;                                        19P     16
110,-90.,-45.,15.,-90.,-45.,0.;                                       21P     17
126,1,1,1,0,1,0,0.,0.,1.,1.,1.,1.,0.,3.141592654,0.,0.,               23P     18
6.283185307,0.,0.,1.,0.,0.,1.;                                        23P     19
100,0.,-85.,-45.,-90.,-45.,-80.,-45.;                                 25P     20
102,4,9,13,19,23;                                                     27P     21
102,4,11,17,21,25;                                                    29P     22
142,1,7,27,29,1;                                                      31P     23
144,7,1,0,31;                                                         33P     24
110,85.,-45.,0.,85.,-45.,1000.;                                       35P     25
110,90.,-45.,0.,90.,-45.,15.;                                         37P     26
120,35,37,0.,6.28318530717959;                                        39P     27
126,1,1,1,0,1,0,0.,0.,1.,1.,1.,1.,0.,6.283185307,0.,1.,               41P     28
6.283185307,0.,0.,1.,0.,0.,1.;                                        41P     29
110,90.,-45.,0.,90.,-45.,15.;                                         43P     30
126,1,1,1,0,1,0,0.,0.,1.,1.,1.,1.,1.,6.283185307,0.,1.,               45P     31
3.141592654,0.,0.,1.,0.,0.,1.;                                        45P     32
124,1.,-7.105427357601E-015,0.,-3.20299342604352E-013,                47P     33
-7.105427357601E-015,-1.,6.98296267768627E-015,                       47P     34
-89.9999999999995,-4.96169340471387E-029,                             47P     35
-6.98296267768627E-015,-1.,29.9999999999997;                          47P     36
100,15.,85.,-45.,90.,-45.,80.,-45.;                                   49P     37
126,1,1,1,0,1,0,0.,0.,1.,1.,1.,1.,1.,3.141592654,0.,0.,               51P     38
3.141592654,0.,0.,1.,0.,0.,1.;                                        51P     39
110,80.,-45.,15.,80.,-45.,0.;                                         53P     40
126,1,1,1,0,1,0,0.,0.,1.,1.,1.,1.,0.,3.141592654,0.,0.,               55P     41
6.283185307,0.,0.,1.,0.,0.,1.;                                        55P     42
100,0.,85.,-45.,80.,-45.,90.,-45.;                                    57P     43
102,4,41,45,51,55;                                                    59P     44
102,4,43,49,53,57;                                                    61P     45
142,1,39,59,61,1;                                                     63P     46
144,39,1,0,63;                                                        65P     47
110,85.,45.,0.,85.,45.,1000.;                                         67P     48
110,90.,45.,0.,90.,45.,15.;                                           69P     49
120,67,69,0.,6.28318530717959;                                        71P     50
126,1,1,1,0,1,0,0.,0.,1.,1.,1.,1.,0.,6.283185307,0.,1.,               73P     51
6.283185307,0.,0.,1.,0.,0.,1.;                                        73P     52
110,90.,45.,0.,90.,45.,15.;                                           75P     53
126,1,1,1,0,1,0,0.,0.,1.,1.,1.,1.,1.,6.283185307,0.,1.,               77P     54
3.141592654,0.,0.,1.,0.,0.,1.;                                        77P     55
124,1.,-7.105427357601E-015,0.,3.20299342604363E-013,                 79P     56
-7.105427357601E-015,-1.,6.98296267768627E-015,                       79P     57
90.0000000000005,-4.96169340471387E-029,-6.98296267768627E-015,       79P     58
-1.,30.0000000000003;                                                 79P     59
100,15.,85.,45.,90.,45.,80.,45.;                                      81P     60
126,1,1,1,0,1,0,0.,0.,1.,1.,1.,1.,1.,3.141592654,0.,0.,               83P     61
3.141592654,0.,0.,1.,0.,0.,1.;                                        83P     62
110,80.,45.,15.,80.,45.,0.;                                           85P     63
126,1,1,1,0,1,0,0.,0.,1.,1.,1.,1.,0.,3.141592654,0.,0.,               87P     64
6.283185307,0.,0.,1.,0.,0.,1.;                                        87P     65
100,0.,85.,45.,80.,45.,90.,45.;                                       89P     66
102,4,73,77,83,87;                                                    91P     67
102,4,75,81,85,89;                                                    93P     68
142,1,71,91,93,1;                                                     95P     69
144,71,1,0,95;                                                        97P     70
110,-85.,45.,0.,-85.,45.,1000.;                                       99P     71
110,-80.,45.,0.,-80.,45.,15.;                                        101P     72
120,99,101,0.,6.28318530717959;                                      103P     73
126,1,1,1,0,1,0,0.,0.,1.,1.,1.,1.,0.,6.283185307,0.,1.,              105P     74
6.283185307,0.,0.,1.,0.,0.,1.;                                       105P     75
110,-80.,45.,0.,-80.,45.,15.;                                        107P     76
126,1,1,1,0,1,0,0.,0.,1.,1.,1.,1.,1.,6.283185307,0.,1.,              109P     77
3.141592654,0.,0.,1.,0.,0.,1.;                                       109P     78
124,1.,-7.105427357601E-015,0.,3.20299342604354E-013,                111P     79
-7.105427357601E-015,-1.,6.98296267768627E-015,                      111P     80
89.9999999999993,-4.96169340471387E-029,-6.98296267768627E-015,      111P     81
-1.,30.0000000000003;                                                111P     82
100,15.,-85.,45.,-80.,45.,-90.,45.;                                  113P     83
126,1,1,1,0,1,0,0.,0.,1.,1.,1.,1.,1.,3.141592654,0.,0.,              115P     84
3.141592654,0.,0.,1.,0.,0.,1.;                                       115P     85
110,-90.,45.,15.,-90.,45.,0.;                                        117P     86
126,1,1,1,0,1,0,0.,0.,1.,1.,1.,1.,0.,3.141592654,0.,0.,              119P     87
6.283185307,0.,0.,1.,0.,0.,1.;                                       119P     88
100,0.,-85.,45.,-90.,45.,-80.,45.;                                   121P     89
102,4,105,109,115,119;                                               123P     90
102,4,107,113,117,121;                                               125P     91
142,1,103,123,125,1;                                                 127P     92
144,103,1,0,127;                                                     129P     93
128,1,1,1,1,0,0,1,0,0,0.,0.,1.,1.,0.,0.,1.,1.,1.,1.,1.,1.,           131P     94
-100.,-60.,15.,100.,-60.,15.,-100.,60.,15.,100.,60.,15.,0.,1.,       131P     95
0.,1.;                                                               131P     96
126,1,1,1,0,1,0,0.,0.,1.,1.,1.,1.,0.,0.916666667,0.,0.,              133P     97
0.083333333,0.,0.,1.,0.,0.,1.;                                       133P     98
110,-100.,50.,15.,-100.,-50.,15.;                                    135P     99
126,16,2,1,0,1,0,0.,0.,0.,0.125,0.125,0.25,0.25,0.375,0.375,         137P    100
0.5,0.5,0.625,0.625,0.75,0.75,0.875,0.875,1.,1.,1.,1.,1.,1.,1.,      137P    101
1.,1.,1.,1.,1.,1.,1.,1.,1.,1.,1.,1.,1.,0.,0.083333333,0.,0.,         137P    102
0.075125716,0.,0.000960736,0.067075806,0.,0.001921472,               137P    103
0.059025897,0.,0.003806023,0.051443047,0.,0.005690575,               137P    104
0.043860198,0.,0.008426519,0.037035814,0.,0.011162464,               137P    105
0.03021143,0.,0.014644661,0.024407768,0.,0.018126858,                137P    106
0.018604107,0.,0.022221488,0.014044199,0.,0.026316119,               137P    107
0.009484291,0.,0.030865828,0.006343372,0.,0.035415538,               137P    108
0.003202453,0.,0.040245484,0.001601227,0.,0.04507543,0.,0.,          137P    109
0.05,0.,0.,0.,1.,0.,0.,-1.;                                          137P    110
100,15.,-90.,-50.,-100.,-50.,-90.,-60.;                              139P    111
126,1,1,1,0,1,0,0.,0.,1.,1.,1.,1.,0.05,0.,0.,0.95,0.,0.,0.,1.,       141P    112
0.,0.,1.;                                                            141P    113
110,-90.,-60.,15.,90.,-60.,15.;                                      143P    114
126,16,2,1,0,1,0,0.,0.,0.,0.125,0.125,0.25,0.25,0.375,0.375,         145P    115
0.5,0.5,0.625,0.625,0.75,0.75,0.875,0.875,1.,1.,1.,1.,1.,1.,1.,      145P    116
1.,1.,1.,1.,1.,1.,1.,1.,1.,1.,1.,1.,1.,0.95,0.,0.,0.95492457,        145P    117
0.,0.,0.959754516,0.001601227,0.,0.964584462,0.003202453,0.,         145P    118
0.969134172,0.006343372,0.,0.973683881,0.009484291,0.,               145P    119
0.977778512,0.014044199,0.,0.981873142,0.018604107,0.,               145P    120
0.985355339,0.024407768,0.,0.988837536,0.03021143,0.,                145P    121
0.991573481,0.037035814,0.,0.994309425,0.043860198,0.,               145P    122
0.996193977,0.051443047,0.,0.998078528,0.059025897,0.,               145P    123
0.999039264,0.067075806,0.,1.,0.075125716,0.,1.,0.083333333,0.,      145P    124
0.,1.,0.,0.,-1.;                                                     145P    125
100,15.,90.,-50.,90.,-60.,100.,-50.;                                 147P    126
126,1,1,1,0,1,0,0.,0.,1.,1.,1.,1.,1.,0.083333333,0.,1.,              149P    127
0.916666667,0.,0.,1.,0.,0.,1.;                                       149P    128
110,100.,-50.,15.,100.,50.,15.;                                      151P    129
126,16,2,1,0,1,0,0.,0.,0.,0.125,0.125,0.25,0.25,0.375,0.375,         153P    130
0.5,0.5,0.625,0.625,0.75,0.75,0.875,0.875,1.,1.,1.,1.,1.,1.,1.,      153P    131
1.,1.,1.,1.,1.,1.,1.,1.,1.,1.,1.,1.,1.,1.,0.916666667,0.,1.,         153P    132
0.924874284,0.,0.999039264,0.932924194,0.,0.998078528,               153P    133
0.940974103,0.,0.996193977,0.948556953,0.,0.994309425,               153P    134
0.956139802,0.,0.991573481,0.962964186,0.,0.988837536,               153P    135
0.96978857,0.,0.985355339,0.975592232,0.,0.981873142,                153P    136
0.981395893,0.,0.977778512,0.985955801,0.,0.973683881,               153P    137
0.990515709,0.,0.969134172,0.993656628,0.,0.964584462,               153P    138
0.996797547,0.,0.959754516,0.998398773,0.,0.95492457,1.,0.,          153P    139
0.95,1.,0.,0.,1.,0.,0.,-1.;                                          153P    140
100,15.,90.,50.,100.,50.,90.,60.;                                    155P    141
126,1,1,1,0,1,0,0.,0.,1.,1.,1.,1.,0.95,1.,0.,0.05,1.,0.,0.,1.,       157P    142
0.,0.,1.;                                                            157P    143
110,90.,60.,15.,-90.,60.,15.;                                        159P    144
126,16,2,1,0,1,0,0.,0.,0.,0.125,0.125,0.25,0.25,0.375,0.375,         161P    145
0.5,0.5,0.625,0.625,0.75,0.75,0.875,0.875,1.,1.,1.,1.,1.,1.,1.,      161P    146
1.,1.,1.,1.,1.,1.,1.,1.,1.,1.,1.,1.,1.,0.05,1.,0.,0.04507543,        161P    147
1.,0.,0.040245484,0.998398773,0.,0.035415538,0.996797547,0.,         161P    148
0.030865828,0.993656628,0.,0.026316119,0.990515709,0.,               161P    149
0.022221488,0.985955801,0.,0.018126858,0.981395893,0.,               161P    150
0.014644661,0.975592232,0.,0.011162464,0.96978857,0.,                161P    151
0.008426519,0.962964186,0.,0.005690575,0.956139802,0.,               161P    152
0.003806023,0.948556953,0.,0.001921472,0.940974103,0.,               161P    153
0.000960736,0.932924194,0.,0.,0.924874284,0.,0.,0.916666667,0.,      161P    154
0.,1.,0.,0.,-1.;                                                     161P    155
100,15.,-90.,50.,-90.,60.,-100.,50.;                                 163P    156
102,8,133,137,141,145,149,153,157,161;                               165P    157
102,8,135,139,143,147,151,155,159,163;                               167P    158
142,1,131,165,167,1;                                                 169P    159
126,32,2,1,0,1,0,0.,0.,0.,0.0625,0.0625,0.125,0.125,0.1875,          171P    160
0.1875,0.25,0.25,0.3125,0.3125,0.375,0.375,0.4375,0.4375,0.5,        171P    161
0.5,0.5625,0.5625,0.625,0.625,0.6875,0.6875,0.75,0.75,0.8125,        171P    162
0.8125,0.875,0.875,0.9375,0.9375,1.,1.,1.,1.,1.,1.,1.,1.,1.,1.,      171P    163
1.,1.,1.,1.,1.,1.,1.,1.,1.,1.,1.,1.,1.,1.,1.,1.,1.,1.,1.,1.,1.,      171P    164
1.,1.,1.,1.,1.,0.05,0.125,0.,0.05,0.129103808,0.,0.050480368,        171P    165
0.133128763,0.,0.050960736,0.137153718,0.,0.051903012,               171P    166
0.140945143,0.,0.052845287,0.144736568,0.,0.05421326,                171P    167
0.14814876,0.,0.055581232,0.151560952,0.,0.05732233,                 171P    168
0.154462783,0.,0.059063429,0.157364613,0.,0.061110744,               171P    169
0.159644567,0.,0.063158059,0.161924521,0.,0.065432914,               171P    170
0.163494981,0.,0.067707769,0.16506544,0.,0.070122742,                171P    171
0.165866053,0.,0.072537715,0.166666667,0.,0.075,0.166666667,0.,      171P    172
0.077462285,0.166666667,0.,0.079877258,0.165866053,0.,               171P    173
0.082292231,0.16506544,0.,0.084567086,0.163494981,0.,                171P    174
0.086841941,0.161924521,0.,0.088889256,0.159644567,0.,               171P    175
0.090936571,0.157364613,0.,0.09267767,0.154462783,0.,                171P    176
0.094418768,0.151560952,0.,0.09578674,0.14814876,0.,                 171P    177
0.097154713,0.144736568,0.,0.098096988,0.140945143,0.,               171P    178
0.099039264,0.137153718,0.,0.099519632,0.133128763,0.,0.1,           171P    179
0.129103808,0.,0.1,0.125,0.,0.,1.,0.,0.,1.;                          171P    180
124,-1.,-6.98296267768627E-015,0.,-170.,-6.98296267768627E-015,      173P    181
1.,-6.98296267768627E-015,-4.84953307698669E-013,                    173P    182
4.87617677579594E-029,-6.98296267768627E-015,-1.,                    173P    183
29.9999999999997;                                                    173P    184
100,15.,-85.,-45.,-80.,-45.,-90.,-45.;                               175P    185
126,32,2,1,0,1,0,0.,0.,0.,0.0625,0.0625,0.125,0.125,0.1875,          177P    186
0.1875,0.25,0.25,0.3125,0.3125,0.375,0.375,0.4375,0.4375,0.5,        177P    187
0.5,0.5625,0.5625,0.625,0.625,0.6875,0.6875,0.75,0.75,0.8125,        177P    188
0.8125,0.875,0.875,0.9375,0.9375,1.,1.,1.,1.,1.,1.,1.,1.,1.,1.,      177P    189
1.,1.,1.,1.,1.,1.,1.,1.,1.,1.,1.,1.,1.,1.,1.,1.,1.,1.,1.,1.,1.,      177P    190
1.,1.,1.,1.,1.,0.1,0.125,0.,0.1,0.120896192,0.,0.099519632,          177P    191
0.116871237,0.,0.099039264,0.112846282,0.,0.098096988,               177P    192
0.109054857,0.,0.097154713,0.105263432,0.,0.09578674,                177P    193
0.10185124,0.,0.094418768,0.098439048,0.,0.09267767,                 177P    194
0.095537217,0.,0.090936571,0.092635387,0.,0.088889256,               177P    195
0.090355433,0.,0.086841941,0.088075479,0.,0.084567086,               177P    196
0.086505019,0.,0.082292231,0.08493456,0.,0.079877258,                177P    197
0.084133947,0.,0.077462285,0.083333333,0.,0.075,0.083333333,0.,      177P    198
0.072537715,0.083333333,0.,0.070122742,0.084133947,0.,               177P    199
0.067707769,0.08493456,0.,0.065432914,0.086505019,0.,                177P    200
0.063158059,0.088075479,0.,0.061110744,0.090355433,0.,               177P    201
0.059063429,0.092635387,0.,0.05732233,0.095537217,0.,                177P    202
0.055581232,0.098439048,0.,0.05421326,0.10185124,0.,                 177P    203
0.052845287,0.105263432,0.,0.051903012,0.109054857,0.,               177P    204
0.050960736,0.112846282,0.,0.050480368,0.116871237,0.,0.05,          177P    205
0.120896192,0.,0.05,0.125,0.,0.,1.,0.,0.,1.;                         177P    206
124,1.,-7.105427357601E-015,0.,-3.20299342604361E-013,               179P    207
-7.105427357601E-015,-1.,6.98296267768627E-015,                      179P    208
-90.0000000000007,-4.96169340471387E-029,                            179P    209
-6.98296267768627E-015,-1.,29.9999999999997;                         179P    210
100,15.,-85.,-45.,-80.,-45.,-90.,-45.;                               181P    211
102,2,171,177;                                                       183P    212
102,2,175,181;                                                       185P    213
142,1,131,183,185,1;                                                 187P    214
126,32,2,1,0,1,0,0.,0.,0.,0.0625,0.0625,0.125,0.125,0.1875,          189P    215
0.1875,0.25,0.25,0.3125,0.3125,0.375,0.375,0.4375,0.4375,0.5,        189P    216
0.5,0.5625,0.5625,0.625,0.625,0.6875,0.6875,0.75,0.75,0.8125,        189P    217
0.8125,0.875,0.875,0.9375,0.9375,1.,1.,1.,1.,1.,1.,1.,1.,1.,1.,      189P    218
1.,1.,1.,1.,1.,1.,1.,1.,1.,1.,1.,1.,1.,1.,1.,1.,1.,1.,1.,1.,1.,      189P    219
1.,1.,1.,1.,1.,0.9,0.125,0.,0.9,0.129103808,0.,0.900480368,          189P    220
0.133128763,0.,0.900960736,0.137153718,0.,0.901903012,               189P    221
0.140945143,0.,0.902845287,0.144736568,0.,0.90421326,                189P    222
0.14814876,0.,0.905581232,0.151560952,0.,0.90732233,                 189P    223
0.154462783,0.,0.909063429,0.157364613,0.,0.911110744,               189P    224
0.159644567,0.,0.913158059,0.161924521,0.,0.915432914,               189P    225
0.163494981,0.,0.917707769,0.16506544,0.,0.920122742,                189P    226
0.165866053,0.,0.922537715,0.166666667,0.,0.925,0.166666667,0.,      189P    227
0.927462285,0.166666667,0.,0.929877258,0.165866053,0.,               189P    228
0.932292231,0.16506544,0.,0.934567086,0.163494981,0.,                189P    229
0.936841941,0.161924521,0.,0.938889256,0.159644567,0.,               189P    230
0.940936571,0.157364613,0.,0.94267767,0.154462783,0.,                189P    231
0.944418768,0.151560952,0.,0.94578674,0.14814876,0.,                 189P    232
0.947154713,0.144736568,0.,0.948096988,0.140945143,0.,               189P    233
0.949039264,0.137153718,0.,0.949519632,0.133128763,0.,0.95,          189P    234
0.129103808,0.,0.95,0.125,0.,0.,1.,0.,0.,1.;                         189P    235
124,-1.,-6.98296267768627E-015,0.,170.,-6.98296267768627E-015,       191P    236
1.,-6.98296267768627E-015,6.95764251242619E-013,                     191P    237
4.87617677579594E-029,-6.98296267768627E-015,-1.,                    191P    238
29.9999999999997;                                                    191P    239
100,15.,85.,-45.,90.,-45.,80.,-45.;                                  193P    240
126,32,2,1,0,1,0,0.,0.,0.,0.0625,0.0625,0.125,0.125,0.1875,          195P    241
0.1875,0.25,0.25,0.3125,0.3125,0.375,0.375,0.4375,0.4375,0.5,        195P    242
0.5,0.5625,0.5625,0.625,0.625,0.6875,0.6875,0.75,0.75,0.8125,        195P    243
0.8125,0.875,0.875,0.9375,0.9375,1.,1.,1.,1.,1.,1.,1.,1.,1.,1.,      195P    244
1.,1.,1.,1.,1.,1.,1.,1.,1.,1.,1.,1.,1.,1.,1.,1.,1.,1.,1.,1.,1.,      195P    245
1.,1.,1.,1.,1.,0.95,0.125,0.,0.95,0.120896192,0.,0.949519632,        195P    246
0.116871237,0.,0.949039264,0.112846282,0.,0.948096988,               195P    247
0.109054857,0.,0.947154713,0.105263432,0.,0.94578674,                195P    248
0.10185124,0.,0.944418768,0.098439048,0.,0.94267767,                 195P    249
0.095537217,0.,0.940936571,0.092635387,0.,0.938889256,               195P    250
0.090355433,0.,0.936841941,0.088075479,0.,0.934567086,               195P    251
0.086505019,0.,0.932292231,0.08493456,0.,0.929877258,                195P    252
0.084133947,0.,0.927462285,0.083333333,0.,0.925,0.083333333,0.,      195P    253
0.922537715,0.083333333,0.,0.920122742,0.084133947,0.,               195P    254
0.917707769,0.08493456,0.,0.915432914,0.086505019,0.,                195P    255
0.913158059,0.088075479,0.,0.911110744,0.090355433,0.,               195P    256
0.909063429,0.092635387,0.,0.90732233,0.095537217,0.,                195P    257
0.905581232,0.098439048,0.,0.90421326,0.10185124,0.,                 195P    258
0.902845287,0.105263432,0.,0.901903012,0.109054857,0.,               195P    259
0.900960736,0.112846282,0.,0.900480368,0.116871237,0.,0.9,           195P    260
0.120896192,0.,0.9,0.125,0.,0.,1.,0.,0.,1.;                          195P    261
124,1.,-7.105427357601E-015,0.,-3.20299342604352E-013,               197P    262
-7.105427357601E-015,-1.,6.98296267768627E-015,                      197P    263
-89.9999999999995,-4.96169340471387E-029,                            197P    264
-6.98296267768627E-015,-1.,29.9999999999997;                         197P    265
100,15.,85.,-45.,90.,-45.,80.,-45.;                                  199P    266
102,2,189,195;                                                       201P    267
102,2,193,199;                                                       203P    268
142,1,131,201,203,1;                                                 205P    269
126,32,2,1,0,1,0,0.,0.,0.,0.0625,0.0625,0.125,0.125,0.1875,          207P    270
0.1875,0.25,0.25,0.3125,0.3125,0.375,0.375,0.4375,0.4375,0.5,        207P    271
0.5,0.5625,0.5625,0.625,0.625,0.6875,0.6875,0.75,0.75,0.8125,        207P    272
0.8125,0.875,0.875,0.9375,0.9375,1.,1.,1.,1.,1.,1.,1.,1.,1.,1.,      207P    273
1.,1.,1.,1.,1.,1.,1.,1.,1.,1.,1.,1.,1.,1.,1.,1.,1.,1.,1.,1.,1.,      207P    274
1.,1.,1.,1.,1.,0.9,0.875,0.,0.9,0.879103808,0.,0.900480368,          207P    275
0.883128763,0.,0.900960736,0.887153718,0.,0.901903012,               207P    276
0.890945143,0.,0.902845287,0.894736568,0.,0.90421326,                207P    277
0.89814876,0.,0.905581232,0.901560952,0.,0.90732233,                 207P    278
0.904462783,0.,0.909063429,0.907364613,0.,0.911110744,               207P    279
0.909644567,0.,0.913158059,0.911924521,0.,0.915432914,               207P    280
0.913494981,0.,0.917707769,0.91506544,0.,0.920122742,                207P    281
0.915866053,0.,0.922537715,0.916666667,0.,0.925,0.916666667,0.,      207P    282
0.927462285,0.916666667,0.,0.929877258,0.915866053,0.,               207P    283
0.932292231,0.91506544,0.,0.934567086,0.913494981,0.,                207P    284
0.936841941,0.911924521,0.,0.938889256,0.909644567,0.,               207P    285
0.940936571,0.907364613,0.,0.94267767,0.904462783,0.,                207P    286
0.944418768,0.901560952,0.,0.94578674,0.89814876,0.,                 207P    287
0.947154713,0.894736568,0.,0.948096988,0.890945143,0.,               207P    288
0.949039264,0.887153718,0.,0.949519632,0.883128763,0.,0.95,          207P    289
0.879103808,0.,0.95,0.875,0.,0.,1.,0.,0.,1.;                         207P    290
124,-1.,-6.98296267768627E-015,0.,170.,-6.98296267768627E-015,       209P    291
1.,-6.98296267768627E-015,6.95764251242628E-013,                     209P    292
4.87617677579594E-029,-6.98296267768627E-015,-1.,                    209P    293
30.0000000000003;                                                    209P    294
100,15.,85.,45.,90.,45.,80.,45.;                                     211P    295
126,32,2,1,0,1,0,0.,0.,0.,0.0625,0.0625,0.125,0.125,0.1875,          213P    296
0.1875,0.25,0.25,0.3125,0.3125,0.375,0.375,0.4375,0.4375,0.5,        213P    297
0.5,0.5625,0.5625,0.625,0.625,0.6875,0.6875,0.75,0.75,0.8125,        213P    298
0.8125,0.875,0.875,0.9375,0.9375,1.,1.,1.,1.,1.,1.,1.,1.,1.,1.,      213P    299
1.,1.,1.,1.,1.,1.,1.,1.,1.,1.,1.,1.,1.,1.,1.,1.,1.,1.,1.,1.,1.,      213P    300
1.,1.,1.,1.,1.,0.95,0.875,0.,0.95,0.870896192,0.,0.949519632,        213P    301
0.866871237,0.,0.949039264,0.862846282,0.,0.948096988,               213P    302
0.859054857,0.,0.947154713,0.855263432,0.,0.94578674,                213P    303
0.85185124,0.,0.944418768,0.848439048,0.,0.94267767,                 213P    304
0.845537217,0.,0.940936571,0.842635387,0.,0.938889256,               213P    305
0.840355433,0.,0.936841941,0.838075479,0.,0.934567086,               213P    306
0.836505019,0.,0.932292231,0.83493456,0.,0.929877258,                213P    307
0.834133947,0.,0.927462285,0.833333333,0.,0.925,0.833333333,0.,      213P    308
0.922537715,0.833333333,0.,0.920122742,0.834133947,0.,               213P    309
0.917707769,0.83493456,0.,0.915432914,0.836505019,0.,                213P    310
0.913158059,0.838075479,0.,0.911110744,0.840355433,0.,               213P    311
0.909063429,0.842635387,0.,0.90732233,0.845537217,0.,                213P    312
0.905581232,0.848439048,0.,0.90421326,0.85185124,0.,                 213P    313
0.902845287,0.855263432,0.,0.901903012,0.859054857,0.,               213P    314
0.900960736,0.862846282,0.,0.900480368,0.866871237,0.,0.9,           213P    315
0.870896192,0.,0.9,0.875,0.,0.,1.,0.,0.,1.;                          213P    316
124,1.,-7.105427357601E-015,0.,3.20299342604363E-013,                215P    317
-7.105427357601E-015,-1.,6.98296267768627E-015,                      215P    318
90.0000000000005,-4.96169340471387E-029,-6.98296267768627E-015,      215P    319
-1.,30.0000000000003;                                                215P    320
100,15.,85.,45.,90.,45.,80.,45.;                                     217P    321
102,2,207,213;                                                       219P    322
102,2,211,217;                                                       221P    323
142,1,131,219,221,1;                                                 223P    324
126,32,2,1,0,1,0,0.,0.,0.,0.0625,0.0625,0.125,0.125,0.1875,          225P    325
0.1875,0.25,0.25,0.3125,0.3125,0.375,0.375,0.4375,0.4375,0.5,        225P    326
0.5,0.5625,0.5625,0.625,0.625,0.6875,0.6875,0.75,0.75,0.8125,        225P    327
0.8125,0.875,0.875,0.9375,0.9375,1.,1.,1.,1.,1.,1.,1.,1.,1.,1.,      225P    328
1.,1.,1.,1.,1.,1.,1.,1.,1.,1.,1.,1.,1.,1.,1.,1.,1.,1.,1.,1.,1.,      225P    329
1.,1.,1.,1.,1.,0.05,0.875,0.,0.05,0.879103808,0.,0.050480368,        225P    330
0.883128763,0.,0.050960736,0.887153718,0.,0.051903012,               225P    331
0.890945143,0.,0.052845287,0.894736568,0.,0.05421326,                225P    332
0.89814876,0.,0.055581232,0.901560952,0.,0.05732233,                 225P    333
0.904462783,0.,0.059063429,0.907364613,0.,0.061110744,               225P    334
0.909644567,0.,0.063158059,0.911924521,0.,0.065432914,               225P    335
0.913494981,0.,0.067707769,0.91506544,0.,0.070122742,                225P    336
0.915866053,0.,0.072537715,0.916666667,0.,0.075,0.916666667,0.,      225P    337
0.077462285,0.916666667,0.,0.079877258,0.915866053,0.,               225P    338
0.082292231,0.91506544,0.,0.084567086,0.913494981,0.,                225P    339
0.086841941,0.911924521,0.,0.088889256,0.909644567,0.,               225P    340
0.090936571,0.907364613,0.,0.09267767,0.904462783,0.,                225P    341
0.094418768,0.901560952,0.,0.09578674,0.89814876,0.,                 225P    342
0.097154713,0.894736568,0.,0.098096988,0.890945143,0.,               225P    343
0.099039264,0.887153718,0.,0.099519632,0.883128763,0.,0.1,           225P    344
0.879103808,0.,0.1,0.875,0.,0.,1.,0.,0.,1.;                          225P    345
124,-1.,-6.98296267768627E-015,0.,-170.,-6.98296267768627E-015,      227P    346
1.,-6.98296267768627E-015,-4.8495330769866E-013,                     227P    347
4.87617677579594E-029,-6.98296267768627E-015,-1.,                    227P    348
30.0000000000003;                                                    227P    349
100,15.,-85.,45.,-80.,45.,-90.,45.;                                  229P    350
126,32,2,1,0,1,0,0.,0.,0.,0.0625,0.0625,0.125,0.125,0.1875,          231P    351
0.1875,0.25,0.25,0.3125,0.3125,0.375,0.375,0.4375,0.4375,0.5,        231P    352
0.5,0.5625,0.5625,0.625,0.625,0.6875,0.6875,0.75,0.75,0.8125,        231P    353
0.8125,0.875,0.875,0.9375,0.9375,1.,1.,1.,1.,1.,1.,1.,1.,1.,1.,      231P    354
1.,1.,1.,1.,1.,1.,1.,1.,1.,1.,1.,1.,1.,1.,1.,1.,1.,1.,1.,1.,1.,      231P    355
1.,1.,1.,1.,1.,0.1,0.875,0.,0.1,0.870896192,0.,0.099519632,          231P    356
0.866871237,0.,0.099039264,0.862846282,0.,0.098096988,               231P    357
0.859054857,0.,0.097154713,0.855263432,0.,0.09578674,                231P    358
0.85185124,0.,0.094418768,0.848439048,0.,0.09267767,                 231P    359
0.845537217,0.,0.090936571,0.842635387,0.,0.088889256,               231P    360
0.840355433,0.,0.086841941,0.838075479,0.,0.084567086,               231P    361
0.836505019,0.,0.082292231,0.83493456,0.,0.079877258,                231P    362
0.834133947,0.,0.077462285,0.833333333,0.,0.075,0.833333333,0.,      231P    363
0.072537715,0.833333333,0.,0.070122742,0.834133947,0.,               231P    364
0.067707769,0.83493456,0.,0.065432914,0.836505019,0.,                231P    365
0.063158059,0.838075479,0.,0.061110744,0.840355433,0.,               231P    366
0.059063429,0.842635387,0.,0.05732233,0.845537217,0.,                231P    367
0.055581232,0.848439048,0.,0.05421326,0.85185124,0.,                 231P    368
0.052845287,0.855263432,0.,0.051903012,0.859054857,0.,               231P    369
0.050960736,0.862846282,0.,0.050480368,0.866871237,0.,0.05,          231P    370
0.870896192,0.,0.05,0.875,0.,0.,1.,0.,0.,1.;                         231P    371
124,1.,-7.105427357601E-015,0.,3.20299342604354E-013,                233P    372
-7.105427357601E-015,-1.,6.98296267768627E-015,                      233P    373
89.9999999999993,-4.96169340471387E-029,-6.98296267768627E-015,      233P    374
-1.,30.0000000000003;                                                233P    375
100,15.,-85.,45.,-80.,45.,-90.,45.;                                  235P    376
102,2,225,231;                                                       237P    377
102,2,229,235;                                                       239P    378
142,1,131,237,239,1;                                                 241P    379
126,1,1,1,0,1,0,0.,0.,1.,1.,1.,1.,0.243265989,0.806920589,0.,        243P    380
0.756734011,0.806920589,0.,0.,1.,0.,0.,1.;                           243P    381
110,-51.34680217,36.830470646,15.,51.34680217,36.830470646,15.;      245P    382
126,16,2,1,0,1,0,0.,0.,0.,0.125,0.125,0.25,0.25,0.375,0.375,         247P    383
0.5,0.5,0.625,0.625,0.75,0.75,0.875,0.875,1.,1.,1.,1.,1.,1.,1.,      247P    384
1.,1.,1.,1.,1.,1.,1.,1.,1.,1.,1.,1.,1.,0.756734011,0.806920589,      247P    385
0.,0.761658581,0.806920589,0.,0.766488527,0.805319362,0.,            247P    386
0.771318473,0.803718135,0.,0.775868182,0.800577216,0.,               247P    387
0.780417892,0.797436297,0.,0.784512523,0.79287639,0.,                247P    388
0.788607153,0.788316482,0.,0.79208935,0.78251282,0.,                 247P    389
0.795571547,0.776709159,0.,0.798307491,0.769884775,0.,               247P    390
0.801043436,0.763060391,0.,0.802927987,0.755477541,0.,               247P    391
0.804812539,0.747894692,0.,0.805773275,0.739844782,0.,               247P    392
0.806734011,0.731794872,0.,0.806734011,0.723587255,0.,0.,1.,0.,      247P    393
0.,1.;                                                               247P    394
124,-1.32654644082408E-015,1.,4.84540371554089E-030,                 249P    395
24.516331524118,1.,1.32654644082408E-015,                            249P    396
-6.98296267768627E-015,-24.5163315241178,                            249P    397
-6.98296267768627E-015,-4.41782057095119E-030,-1.,                   249P    398
30.0000000000004;                                                    249P    399
100,15.,51.34680217,26.830470646,61.34680217,26.830470646,           251P    400
51.34680217,36.830470646;                                            251P    401
126,1,1,1,0,1,0,0.,0.,1.,1.,1.,1.,0.806734011,0.723587255,0.,        253P    402
0.806734011,0.276412745,0.,0.,1.,0.,0.,1.;                           253P    403
110,61.34680217,26.830470646,15.,61.34680217,-26.830470646,15.;      255P    404
126,16,2,1,0,1,0,0.,0.,0.,0.125,0.125,0.25,0.25,0.375,0.375,         257P    405
0.5,0.5,0.625,0.625,0.75,0.75,0.875,0.875,1.,1.,1.,1.,1.,1.,1.,      257P    406
1.,1.,1.,1.,1.,1.,1.,1.,1.,1.,1.,1.,1.,0.806734011,0.276412745,      257P    407
0.,0.806734011,0.268205128,0.,0.805773275,0.260155218,0.,            257P    408
0.804812539,0.252105308,0.,0.802927987,0.244522459,0.,               257P    409
0.801043436,0.236939609,0.,0.798307491,0.230115225,0.,               257P    410
0.795571547,0.223290841,0.,0.79208935,0.21748718,0.,                 257P    411
0.788607153,0.211683518,0.,0.784512523,0.20712361,0.,                257P    412
0.780417892,0.202563703,0.,0.775868182,0.199422784,0.,               257P    413
0.771318473,0.196281865,0.,0.766488527,0.194680638,0.,               257P    414
0.761658581,0.193079411,0.,0.756734011,0.193079411,0.,0.,1.,0.,      257P    415
0.,1.;                                                               257P    416
124,1.,-1.36998119766685E-014,-6.98296267768627E-015,                259P    417
-2.61977957507469E-013,-1.36998119766685E-014,-1.,                   259P    418
4.84540371554089E-030,-53.6609412916415,-6.98296267768627E-015,      259P    419
9.08198720088543E-029,-1.,30.0000000000004;                          259P    420
100,15.,51.34680217,-26.830470646,61.34680217,-26.830470646,         261P    421
51.34680217,-16.830470646;                                           261P    422
126,1,1,1,0,1,0,0.,0.,1.,1.,1.,1.,0.756734011,0.193079411,0.,        263P    423
0.243265989,0.193079411,0.,0.,1.,0.,0.,1.;                           263P    424
110,51.34680217,-36.830470646,15.,-51.34680217,-36.830470646,        265P    425
15.;                                                                 265P    426
126,16,2,1,0,1,0,0.,0.,0.,0.125,0.125,0.25,0.25,0.375,0.375,         267P    427
0.5,0.5,0.625,0.625,0.75,0.75,0.875,0.875,1.,1.,1.,1.,1.,1.,1.,      267P    428
1.,1.,1.,1.,1.,1.,1.,1.,1.,1.,1.,1.,1.,0.243265989,0.193079411,      267P    429
0.,0.238341419,0.193079411,0.,0.233511473,0.194680638,0.,            267P    430
0.228681527,0.196281865,0.,0.224131818,0.199422784,0.,               267P    431
0.219582108,0.202563703,0.,0.215487477,0.20712361,0.,                267P    432
0.211392847,0.211683518,0.,0.20791065,0.21748718,0.,                 267P    433
0.204428453,0.223290841,0.,0.201692509,0.230115225,0.,               267P    434
0.198956564,0.236939609,0.,0.197072013,0.244522459,0.,               267P    435
0.195187461,0.252105308,0.,0.194226725,0.260155218,0.,               267P    436
0.193265989,0.268205128,0.,0.193265989,0.276412745,0.,0.,1.,0.,      267P    437
0.,1.;                                                               267P    438
124,-7.04419501764363E-015,-1.,0.,-78.1772728157605,-1.,             269P    439
7.04419501764363E-015,6.98296267768627E-015,-78.17727281576,         269P    440
-6.98296267768627E-015,4.91893509025491E-029,-1.,                    269P    441
29.9999999999996;                                                    269P    442
100,15.,-51.34680217,-26.830470646,-41.34680217,-26.830470646,       271P    443
-51.34680217,-16.830470646;                                          271P    444
126,1,1,1,0,1,0,0.,0.,1.,1.,1.,1.,0.193265989,0.276412745,0.,        273P    445
0.193265989,0.723587255,0.,0.,1.,0.,0.,1.;                           273P    446
110,-61.34680217,-26.830470646,15.,-61.34680217,26.830470646,        275P    447
15.;                                                                 275P    448
126,16,2,1,0,1,0,0.,0.,0.,0.125,0.125,0.25,0.25,0.375,0.375,         277P    449
0.5,0.5,0.625,0.625,0.75,0.75,0.875,0.875,1.,1.,1.,1.,1.,1.,1.,      277P    450
1.,1.,1.,1.,1.,1.,1.,1.,1.,1.,1.,1.,1.,0.193265989,0.723587255,      277P    451
0.,0.193265989,0.731794872,0.,0.194226725,0.739844782,0.,            277P    452
0.195187461,0.747894692,0.,0.197072013,0.755477541,0.,               277P    453
0.198956564,0.763060391,0.,0.201692509,0.769884775,0.,               277P    454
0.204428453,0.776709159,0.,0.20791065,0.78251282,0.,                 277P    455
0.211392847,0.788316482,0.,0.215487477,0.79287639,0.,                277P    456
0.219582108,0.797436297,0.,0.224131818,0.800577216,0.,               277P    457
0.228681527,0.803718135,0.,0.233511473,0.805319362,0.,               277P    458
0.238341419,0.806920589,0.,0.243265989,0.806920589,0.,0.,1.,0.,      277P    459
0.,1.;                                                               277P    460
124,-1.,0.,6.98296267768627E-015,-102.693604339878,0.,1.,0.,0.,      279P    461
-6.98296267768627E-015,0.,-1.,29.9999999999996;                      279P    462
100,15.,-51.34680217,26.830470646,-41.34680217,26.830470646,         281P    463
-51.34680217,36.830470646;                                           281P    464
102,8,243,247,253,257,263,267,273,277;                               283P    465
102,8,245,251,255,261,265,271,275,281;                               285P    466
142,1,131,283,285,1;                                                 287P    467
144,131,1,5,169,187,205,223,241,287;                                 289P    468
128,1,1,1,1,0,0,1,0,0,0.,0.,1.,1.,0.,0.,1.,1.,1.,1.,1.,1.,           291P    469
-100.,-50.,15.,-100.,-50.,0.,-100.,50.,15.,-100.,50.,0.,0.,1.,       291P    470
0.,1.;                                                               291P    471
126,1,1,1,0,1,0,0.,0.,1.,1.,1.,1.,1.,1.,0.,0.,1.,0.,0.,1.,0.,        293P    472
0.,1.;                                                               293P    473
110,-100.,50.,0.,-100.,50.,15.;                                      295P    474
126,1,1,1,0,1,0,0.,0.,1.,1.,1.,1.,0.,1.,0.,0.,0.,0.,0.,1.,0.,        297P    475
0.,1.;                                                               297P    476
110,-100.,50.,15.,-100.,-50.,15.;                                    299P    477
126,1,1,1,0,1,0,0.,0.,1.,1.,1.,1.,0.,0.,0.,1.,0.,0.,0.,1.,0.,        301P    478
0.,1.;                                                               301P    479
110,-100.,-50.,15.,-100.,-50.,0.;                                    303P    480
126,1,1,1,0,1,0,0.,0.,1.,1.,1.,1.,1.,0.,0.,1.,1.,0.,0.,1.,0.,        305P    481
0.,1.;                                                               305P    482
110,-100.,-50.,0.,-100.,50.,0.;                                      307P    483
102,4,293,297,301,305;                                               309P    484
102,4,295,299,303,307;                                               311P    485
142,1,291,309,311,1;                                                 313P    486
144,291,1,0,313;                                                     315P    487
128,1,1,1,1,0,0,1,0,0,0.,0.,1.,1.,0.,0.,1.,1.,1.,1.,1.,1.,90.,       317P    488
-60.,0.,-90.,-60.,0.,90.,-60.,15.,-90.,-60.,15.,0.,1.,0.,1.;         317P    489
126,1,1,1,0,1,0,0.,0.,1.,1.,1.,1.,0.,1.,0.,0.,0.,0.,0.,1.,0.,        319P    490
0.,1.;                                                               319P    491
110,90.,-60.,15.,90.,-60.,0.;                                        321P    492
126,1,1,1,0,1,0,0.,0.,1.,1.,1.,1.,0.,0.,0.,1.,0.,0.,0.,1.,0.,        323P    493
0.,1.;                                                               323P    494
110,90.,-60.,0.,-90.,-60.,0.;                                        325P    495
126,1,1,1,0,1,0,0.,0.,1.,1.,1.,1.,1.,0.,0.,1.,1.,0.,0.,1.,0.,        327P    496
0.,1.;                                                               327P    497
110,-90.,-60.,0.,-90.,-60.,15.;                                      329P    498
126,1,1,1,0,1,0,0.,0.,1.,1.,1.,1.,1.,1.,0.,0.,1.,0.,0.,1.,0.,        331P    499
0.,1.;                                                               331P    500
110,-90.,-60.,15.,90.,-60.,15.;                                      333P    501
102,4,319,323,327,331;                                               335P    502
102,4,321,325,329,333;                                               337P    503
142,1,317,335,337,1;                                                 339P    504
144,317,1,0,339;                                                     341P    505
128,1,1,1,1,0,0,1,0,0,0.,0.,1.,1.,0.,0.,1.,1.,1.,1.,1.,1.,100.,      343P    506
50.,0.,100.,-50.,0.,100.,50.,15.,100.,-50.,15.,0.,1.,0.,1.;          343P    507
126,1,1,1,0,1,0,0.,0.,1.,1.,1.,1.,0.,1.,0.,0.,0.,0.,0.,1.,0.,        345P    508
0.,1.;                                                               345P    509
110,100.,50.,15.,100.,50.,0.;                                        347P    510
126,1,1,1,0,1,0,0.,0.,1.,1.,1.,1.,0.,0.,0.,1.,0.,0.,0.,1.,0.,        349P    511
0.,1.;                                                               349P    512
110,100.,50.,0.,100.,-50.,0.;                                        351P    513
126,1,1,1,0,1,0,0.,0.,1.,1.,1.,1.,1.,0.,0.,1.,1.,0.,0.,1.,0.,        353P    514
0.,1.;                                                               353P    515
110,100.,-50.,0.,100.,-50.,15.;                                      355P    516
126,1,1,1,0,1,0,0.,0.,1.,1.,1.,1.,1.,1.,0.,0.,1.,0.,0.,1.,0.,        357P    517
0.,1.;                                                               357P    518
110,100.,-50.,15.,100.,50.,15.;                                      359P    519
102,4,345,349,353,357;                                               361P    520
102,4,347,351,355,359;                                               363P    521
142,1,343,361,363,1;                                                 365P    522
144,343,1,0,365;                                                     367P    523
128,1,1,1,1,0,0,1,0,0,0.,0.,1.,1.,0.,0.,1.,1.,1.,1.,1.,1.,-90.,      369P    524
60.,0.,90.,60.,0.,-90.,60.,15.,90.,60.,15.,0.,1.,0.,1.;              369P    525
126,1,1,1,0,1,0,0.,0.,1.,1.,1.,1.,0.,1.,0.,0.,0.,0.,0.,1.,0.,        371P    526
0.,1.;                                                               371P    527
110,-90.,60.,15.,-90.,60.,0.;                                        373P    528
126,1,1,1,0,1,0,0.,0.,1.,1.,1.,1.,0.,0.,0.,1.,0.,0.,0.,1.,0.,        375P    529
0.,1.;                                                               375P    530
110,-90.,60.,0.,90.,60.,0.;                                          377P    531
126,1,1,1,0,1,0,0.,0.,1.,1.,1.,1.,1.,0.,0.,1.,1.,0.,0.,1.,0.,        379P    532
0.,1.;                                                               379P    533
110,90.,60.,0.,90.,60.,15.;                                          381P    534
126,1,1,1,0,1,0,0.,0.,1.,1.,1.,1.,1.,1.,0.,0.,1.,0.,0.,1.,0.,        383P    535
0.,1.;                                                               383P    536
110,90.,60.,15.,-90.,60.,15.;                                        385P    537
102,4,371,375,379,383;                                               387P    538
102,4,373,377,381,385;                                               389P    539
142,1,369,387,389,1;                                                 391P    540
144,369,1,0,391;                                                     393P    541
128,1,1,1,1,0,0,1,0,0,0.,0.,1.,1.,0.,0.,1.,1.,1.,1.,1.,1.,           395P    542
-100.,-60.,0.,100.,-60.,0.,-100.,60.,0.,100.,60.,0.,0.,1.,0.,        395P    543
1.;                                                                  395P    544
126,16,2,1,0,1,0,0.,0.,0.,0.125,0.125,0.25,0.25,0.375,0.375,         397P    545
0.5,0.5,0.625,0.625,0.75,0.75,0.875,0.875,1.,1.,1.,1.,1.,1.,1.,      397P    546
1.,1.,1.,1.,1.,1.,1.,1.,1.,1.,1.,1.,1.,0.95,0.,0.,0.95492457,        397P    547
0.,0.,0.959754516,0.001601227,0.,0.964584462,0.003202453,0.,         397P    548
0.969134172,0.006343372,0.,0.973683881,0.009484291,0.,               397P    549
0.977778512,0.014044199,0.,0.981873142,0.018604107,0.,               397P    550
0.985355339,0.024407768,0.,0.988837536,0.03021143,0.,                397P    551
0.991573481,0.037035814,0.,0.994309425,0.043860198,0.,               397P    552
0.996193977,0.051443047,0.,0.998078528,0.059025897,0.,               397P    553
0.999039264,0.067075806,0.,1.,0.075125716,0.,1.,0.083333333,0.,      397P    554
0.,1.,0.,0.,-1.;                                                     397P    555
100,0.,90.,-50.,90.,-60.,100.,-50.;                                  399P    556
126,1,1,1,0,1,0,0.,0.,1.,1.,1.,1.,1.,0.083333333,0.,1.,              401P    557
0.916666667,0.,0.,1.,0.,0.,1.;                                       401P    558
110,100.,-50.,0.,100.,50.,0.;                                        403P    559
126,16,2,1,0,1,0,0.,0.,0.,0.125,0.125,0.25,0.25,0.375,0.375,         405P    560
0.5,0.5,0.625,0.625,0.75,0.75,0.875,0.875,1.,1.,1.,1.,1.,1.,1.,      405P    561
1.,1.,1.,1.,1.,1.,1.,1.,1.,1.,1.,1.,1.,1.,0.916666667,0.,1.,         405P    562
0.924874284,0.,0.999039264,0.932924194,0.,0.998078528,               405P    563
0.940974103,0.,0.996193977,0.948556953,0.,0.994309425,               405P    564
0.956139802,0.,0.991573481,0.962964186,0.,0.988837536,               405P    565
0.96978857,0.,0.985355339,0.975592232,0.,0.981873142,                405P    566
0.981395893,0.,0.977778512,0.985955801,0.,0.973683881,               405P    567
0.990515709,0.,0.969134172,0.993656628,0.,0.964584462,               405P    568
0.996797547,0.,0.959754516,0.998398773,0.,0.95492457,1.,0.,          405P    569
0.95,1.,0.,0.,1.,0.,0.,-1.;                                          405P    570
100,0.,90.,50.,100.,50.,90.,60.;                                     407P    571
126,1,1,1,0,1,0,0.,0.,1.,1.,1.,1.,0.95,1.,0.,0.05,1.,0.,0.,1.,       409P    572
0.,0.,1.;                                                            409P    573
110,90.,60.,0.,-90.,60.,0.;                                          411P    574
126,16,2,1,0,1,0,0.,0.,0.,0.125,0.125,0.25,0.25,0.375,0.375,         413P    575
0.5,0.5,0.625,0.625,0.75,0.75,0.875,0.875,1.,1.,1.,1.,1.,1.,1.,      413P    576
1.,1.,1.,1.,1.,1.,1.,1.,1.,1.,1.,1.,1.,0.05,1.,0.,0.04507543,        413P    577
1.,0.,0.040245484,0.998398773,0.,0.035415538,0.996797547,0.,         413P    578
0.030865828,0.993656628,0.,0.026316119,0.990515709,0.,               413P    579
0.022221488,0.985955801,0.,0.018126858,0.981395893,0.,               413P    580
0.014644661,0.975592232,0.,0.011162464,0.96978857,0.,                413P    581
0.008426519,0.962964186,0.,0.005690575,0.956139802,0.,               413P    582
0.003806023,0.948556953,0.,0.001921472,0.940974103,0.,               413P    583
0.000960736,0.932924194,0.,0.,0.924874284,0.,0.,0.916666667,0.,      413P    584
0.,1.,0.,0.,-1.;                                                     413P    585
100,0.,-90.,50.,-90.,60.,-100.,50.;                                  415P    586
126,1,1,1,0,1,0,0.,0.,1.,1.,1.,1.,0.,0.916666667,0.,0.,              417P    587
0.083333333,0.,0.,1.,0.,0.,1.;                                       417P    588
110,-100.,50.,0.,-100.,-50.,0.;                                      419P    589
126,16,2,1,0,1,0,0.,0.,0.,0.125,0.125,0.25,0.25,0.375,0.375,         421P    590
0.5,0.5,0.625,0.625,0.75,0.75,0.875,0.875,1.,1.,1.,1.,1.,1.,1.,      421P    591
1.,1.,1.,1.,1.,1.,1.,1.,1.,1.,1.,1.,1.,0.,0.083333333,0.,0.,         421P    592
0.075125716,0.,0.000960736,0.067075806,0.,0.001921472,               421P    593
0.059025897,0.,0.003806023,0.051443047,0.,0.005690575,               421P    594
0.043860198,0.,0.008426519,0.037035814,0.,0.011162464,               421P    595
0.03021143,0.,0.014644661,0.024407768,0.,0.018126858,                421P    596
0.018604107,0.,0.022221488,0.014044199,0.,0.026316119,               421P    597
0.009484291,0.,0.030865828,0.006343372,0.,0.035415538,               421P    598
0.003202453,0.,0.040245484,0.001601227,0.,0.04507543,0.,0.,          421P    599
0.05,0.,0.,0.,1.,0.,0.,-1.;                                          421P    600
100,0.,-90.,-50.,-100.,-50.,-90.,-60.;                               423P    601
126,1,1,1,0,1,0,0.,0.,1.,1.,1.,1.,0.05,0.,0.,0.95,0.,0.,0.,1.,       425P    602
0.,0.,1.;                                                            425P    603
110,-90.,-60.,0.,90.,-60.,0.;                                        427P    604
102,8,397,401,405,409,413,417,421,425;                               429P    605
102,8,399,403,407,411,415,419,423,427;                               431P    606
142,1,395,429,431,1;                                                 433P    607
126,32,2,1,0,1,0,0.,0.,0.,0.0625,0.0625,0.125,0.125,0.1875,          435P    608
0.1875,0.25,0.25,0.3125,0.3125,0.375,0.375,0.4375,0.4375,0.5,        435P    609
0.5,0.5625,0.5625,0.625,0.625,0.6875,0.6875,0.75,0.75,0.8125,        435P    610
0.8125,0.875,0.875,0.9375,0.9375,1.,1.,1.,1.,1.,1.,1.,1.,1.,1.,      435P    611
1.,1.,1.,1.,1.,1.,1.,1.,1.,1.,1.,1.,1.,1.,1.,1.,1.,1.,1.,1.,1.,      435P    612
1.,1.,1.,1.,1.,0.1,0.125,0.,0.1,0.120896192,0.,0.099519632,          435P    613
0.116871237,0.,0.099039264,0.112846282,0.,0.098096988,               435P    614
0.109054857,0.,0.097154713,0.105263432,0.,0.09578674,                435P    615
0.10185124,0.,0.094418768,0.098439048,0.,0.09267767,                 435P    616
0.095537217,0.,0.090936571,0.092635387,0.,0.088889256,               435P    617
0.090355433,0.,0.086841941,0.088075479,0.,0.084567086,               435P    618
0.086505019,0.,0.082292231,0.08493456,0.,0.079877258,                435P    619
0.084133947,0.,0.077462285,0.083333333,0.,0.075,0.083333333,0.,      435P    620
0.072537715,0.083333333,0.,0.070122742,0.084133947,0.,               435P    621
0.067707769,0.08493456,0.,0.065432914,0.086505019,0.,                435P    622
0.063158059,0.088075479,0.,0.061110744,0.090355433,0.,               435P    623
0.059063429,0.092635387,0.,0.05732233,0.095537217,0.,                435P    624
0.055581232,0.098439048,0.,0.05421326,0.10185124,0.,                 435P    625
0.052845287,0.105263432,0.,0.051903012,0.109054857,0.,               435P    626
0.050960736,0.112846282,0.,0.050480368,0.116871237,0.,0.05,          435P    627
0.120896192,0.,0.05,0.125,0.,0.,1.,0.,0.,1.;                         435P    628
124,1.,-7.105427357601E-015,0.,-3.20299342604362E-013,               437P    629
-7.105427357601E-015,-1.,6.98296267768627E-015,                      437P    630
-90.0000000000006,-4.96169340471387E-029,                            437P    631
-6.98296267768627E-015,-1.,-3.14233320495886E-013;                   437P    632
100,0.,-85.,-45.,-80.,-45.,-90.,-45.;                                439P    633
126,32,2,1,0,1,0,0.,0.,0.,0.0625,0.0625,0.125,0.125,0.1875,          441P    634
0.1875,0.25,0.25,0.3125,0.3125,0.375,0.375,0.4375,0.4375,0.5,        441P    635
0.5,0.5625,0.5625,0.625,0.625,0.6875,0.6875,0.75,0.75,0.8125,        441P    636
0.8125,0.875,0.875,0.9375,0.9375,1.,1.,1.,1.,1.,1.,1.,1.,1.,1.,      441P    637
1.,1.,1.,1.,1.,1.,1.,1.,1.,1.,1.,1.,1.,1.,1.,1.,1.,1.,1.,1.,1.,      441P    638
1.,1.,1.,1.,1.,0.05,0.125,0.,0.05,0.129103808,0.,0.050480368,        441P    639
0.133128763,0.,0.050960736,0.137153718,0.,0.051903012,               441P    640
0.140945143,0.,0.052845287,0.144736568,0.,0.05421326,                441P    641
0.14814876,0.,0.055581232,0.151560952,0.,0.05732233,                 441P    642
0.154462783,0.,0.059063429,0.157364613,0.,0.061110744,               441P    643
0.159644567,0.,0.063158059,0.161924521,0.,0.065432914,               441P    644
0.163494981,0.,0.067707769,0.16506544,0.,0.070122742,                441P    645
0.165866053,0.,0.072537715,0.166666667,0.,0.075,0.166666667,0.,      441P    646
0.077462285,0.166666667,0.,0.079877258,0.165866053,0.,               441P    647
0.082292231,0.16506544,0.,0.084567086,0.163494981,0.,                441P    648
0.086841941,0.161924521,0.,0.088889256,0.159644567,0.,               441P    649
0.090936571,0.157364613,0.,0.09267767,0.154462783,0.,                441P    650
0.094418768,0.151560952,0.,0.09578674,0.14814876,0.,                 441P    651
0.097154713,0.144736568,0.,0.098096988,0.140945143,0.,               441P    652
0.099039264,0.137153718,0.,0.099519632,0.133128763,0.,0.1,           441P    653
0.129103808,0.,0.1,0.125,0.,0.,1.,0.,0.,1.;                          441P    654
124,-1.,-6.98296267768627E-015,0.,-170.,-6.98296267768627E-015,      443P    655
1.,-6.98296267768627E-015,-5.90358779470648E-013,                    443P    656
4.87617677579594E-029,-6.98296267768627E-015,-1.,                    443P    657
-3.14233320495878E-013;                                              443P    658
100,0.,-85.,-45.,-80.,-45.,-90.,-45.;                                445P    659
102,2,435,441;                                                       447P    660
102,2,439,445;                                                       449P    661
142,1,395,447,449,1;                                                 451P    662
126,32,2,1,0,1,0,0.,0.,0.,0.0625,0.0625,0.125,0.125,0.1875,          453P    663
0.1875,0.25,0.25,0.3125,0.3125,0.375,0.375,0.4375,0.4375,0.5,        453P    664
0.5,0.5625,0.5625,0.625,0.625,0.6875,0.6875,0.75,0.75,0.8125,        453P    665
0.8125,0.875,0.875,0.9375,0.9375,1.,1.,1.,1.,1.,1.,1.,1.,1.,1.,      453P    666
1.,1.,1.,1.,1.,1.,1.,1.,1.,1.,1.,1.,1.,1.,1.,1.,1.,1.,1.,1.,1.,      453P    667
1.,1.,1.,1.,1.,0.95,0.125,0.,0.95,0.120896192,0.,0.949519632,        453P    668
0.116871237,0.,0.949039264,0.112846282,0.,0.948096988,               453P    669
0.109054857,0.,0.947154713,0.105263432,0.,0.94578674,                453P    670
0.10185124,0.,0.944418768,0.098439048,0.,0.94267767,                 453P    671
0.095537217,0.,0.940936571,0.092635387,0.,0.938889256,               453P    672
0.090355433,0.,0.936841941,0.088075479,0.,0.934567086,               453P    673
0.086505019,0.,0.932292231,0.08493456,0.,0.929877258,                453P    674
0.084133947,0.,0.927462285,0.083333333,0.,0.925,0.083333333,0.,      453P    675
0.922537715,0.083333333,0.,0.920122742,0.084133947,0.,               453P    676
0.917707769,0.08493456,0.,0.915432914,0.086505019,0.,                453P    677
0.913158059,0.088075479,0.,0.911110744,0.090355433,0.,               453P    678
0.909063429,0.092635387,0.,0.90732233,0.095537217,0.,                453P    679
0.905581232,0.098439048,0.,0.90421326,0.10185124,0.,                 453P    680
0.902845287,0.105263432,0.,0.901903012,0.109054857,0.,               453P    681
0.900960736,0.112846282,0.,0.900480368,0.116871237,0.,0.9,           453P    682
0.120896192,0.,0.9,0.125,0.,0.,1.,0.,0.,1.;                          453P    683
124,1.,-7.105427357601E-015,0.,-3.20299342604353E-013,               455P    684
-7.105427357601E-015,-1.,6.98296267768627E-015,                      455P    685
-89.9999999999994,-4.96169340471387E-029,                            455P    686
-6.98296267768627E-015,-1.,-3.14233320495878E-013;                   455P    687
100,0.,85.,-45.,90.,-45.,80.,-45.;                                   457P    688
126,32,2,1,0,1,0,0.,0.,0.,0.0625,0.0625,0.125,0.125,0.1875,          459P    689
0.1875,0.25,0.25,0.3125,0.3125,0.375,0.375,0.4375,0.4375,0.5,        459P    690
0.5,0.5625,0.5625,0.625,0.625,0.6875,0.6875,0.75,0.75,0.8125,        459P    691
0.8125,0.875,0.875,0.9375,0.9375,1.,1.,1.,1.,1.,1.,1.,1.,1.,1.,      459P    692
1.,1.,1.,1.,1.,1.,1.,1.,1.,1.,1.,1.,1.,1.,1.,1.,1.,1.,1.,1.,1.,      459P    693
1.,1.,1.,1.,1.,0.9,0.125,0.,0.9,0.129103808,0.,0.900480368,          459P    694
0.133128763,0.,0.900960736,0.137153718,0.,0.901903012,               459P    695
0.140945143,0.,0.902845287,0.144736568,0.,0.90421326,                459P    696
0.14814876,0.,0.905581232,0.151560952,0.,0.90732233,                 459P    697
0.154462783,0.,0.909063429,0.157364613,0.,0.911110744,               459P    698
0.159644567,0.,0.913158059,0.161924521,0.,0.915432914,               459P    699
0.163494981,0.,0.917707769,0.16506544,0.,0.920122742,                459P    700
0.165866053,0.,0.922537715,0.166666667,0.,0.925,0.166666667,0.,      459P    701
0.927462285,0.166666667,0.,0.929877258,0.165866053,0.,               459P    702
0.932292231,0.16506544,0.,0.934567086,0.163494981,0.,                459P    703
0.936841941,0.161924521,0.,0.938889256,0.159644567,0.,               459P    704
0.940936571,0.157364613,0.,0.94267767,0.154462783,0.,                459P    705
0.944418768,0.151560952,0.,0.94578674,0.14814876,0.,                 459P    706
0.947154713,0.144736568,0.,0.948096988,0.140945143,0.,               459P    707
0.949039264,0.137153718,0.,0.949519632,0.133128763,0.,0.95,          459P    708
0.129103808,0.,0.95,0.125,0.,0.,1.,0.,0.,1.;                         459P    709
124,-1.,-6.98296267768627E-015,0.,170.,-6.98296267768627E-015,       461P    710
1.,-6.98296267768627E-015,5.90358779470639E-013,                     461P    711
4.87617677579594E-029,-6.98296267768627E-015,-1.,                    461P    712
-3.14233320495886E-013;                                              461P    713
100,0.,85.,-45.,90.,-45.,80.,-45.;                                   463P    714
102,2,453,459;                                                       465P    715
102,2,457,463;                                                       467P    716
142,1,395,465,467,1;                                                 469P    717
126,32,2,1,0,1,0,0.,0.,0.,0.0625,0.0625,0.125,0.125,0.1875,          471P    718
0.1875,0.25,0.25,0.3125,0.3125,0.375,0.375,0.4375,0.4375,0.5,        471P    719
0.5,0.5625,0.5625,0.625,0.625,0.6875,0.6875,0.75,0.75,0.8125,        471P    720
0.8125,0.875,0.875,0.9375,0.9375,1.,1.,1.,1.,1.,1.,1.,1.,1.,1.,      471P    721
1.,1.,1.,1.,1.,1.,1.,1.,1.,1.,1.,1.,1.,1.,1.,1.,1.,1.,1.,1.,1.,      471P    722
1.,1.,1.,1.,1.,0.95,0.875,0.,0.95,0.870896192,0.,0.949519632,        471P    723
0.866871237,0.,0.949039264,0.862846282,0.,0.948096988,               471P    724
0.859054857,0.,0.947154713,0.855263432,0.,0.94578674,                471P    725
0.85185124,0.,0.944418768,0.848439048,0.,0.94267767,                 471P    726
0.845537217,0.,0.940936571,0.842635387,0.,0.938889256,               471P    727
0.840355433,0.,0.936841941,0.838075479,0.,0.934567086,               471P    728
0.836505019,0.,0.932292231,0.83493456,0.,0.929877258,                471P    729
0.834133947,0.,0.927462285,0.833333333,0.,0.925,0.833333333,0.,      471P    730
0.922537715,0.833333333,0.,0.920122742,0.834133947,0.,               471P    731
0.917707769,0.83493456,0.,0.915432914,0.836505019,0.,                471P    732
0.913158059,0.838075479,0.,0.911110744,0.840355433,0.,               471P    733
0.909063429,0.842635387,0.,0.90732233,0.845537217,0.,                471P    734
0.905581232,0.848439048,0.,0.90421326,0.85185124,0.,                 471P    735
0.902845287,0.855263432,0.,0.901903012,0.859054857,0.,               471P    736
0.900960736,0.862846282,0.,0.900480368,0.866871237,0.,0.9,           471P    737
0.870896192,0.,0.9,0.875,0.,0.,1.,0.,0.,1.;                          471P    738
124,1.,-7.105427357601E-015,0.,3.20299342604362E-013,                473P    739
-7.105427357601E-015,-1.,6.98296267768627E-015,                      473P    740
90.0000000000006,-4.96169340471387E-029,-6.98296267768627E-015,      473P    741
-1.,3.14233320495886E-013;                                           473P    742
100,0.,85.,45.,90.,45.,80.,45.;                                      475P    743
126,32,2,1,0,1,0,0.,0.,0.,0.0625,0.0625,0.125,0.125,0.1875,          477P    744
0.1875,0.25,0.25,0.3125,0.3125,0.375,0.375,0.4375,0.4375,0.5,        477P    745
0.5,0.5625,0.5625,0.625,0.625,0.6875,0.6875,0.75,0.75,0.8125,        477P    746
0.8125,0.875,0.875,0.9375,0.9375,1.,1.,1.,1.,1.,1.,1.,1.,1.,1.,      477P    747
1.,1.,1.,1.,1.,1.,1.,1.,1.,1.,1.,1.,1.,1.,1.,1.,1.,1.,1.,1.,1.,      477P    748
1.,1.,1.,1.,1.,0.9,0.875,0.,0.9,0.879103808,0.,0.900480368,          477P    749
0.883128763,0.,0.900960736,0.887153718,0.,0.901903012,               477P    750
0.890945143,0.,0.902845287,0.894736568,0.,0.90421326,                477P    751
0.89814876,0.,0.905581232,0.901560952,0.,0.90732233,                 477P    752
0.904462783,0.,0.909063429,0.907364613,0.,0.911110744,               477P    753
0.909644567,0.,0.913158059,0.911924521,0.,0.915432914,               477P    754
0.913494981,0.,0.917707769,0.91506544,0.,0.920122742,                477P    755
0.915866053,0.,0.922537715,0.916666667,0.,0.925,0.916666667,0.,      477P    756
0.927462285,0.916666667,0.,0.929877258,0.915866053,0.,               477P    757
0.932292231,0.91506544,0.,0.934567086,0.913494981,0.,                477P    758
0.936841941,0.911924521,0.,0.938889256,0.909644567,0.,               477P    759
0.940936571,0.907364613,0.,0.94267767,0.904462783,0.,                477P    760
0.944418768,0.901560952,0.,0.94578674,0.89814876,0.,                 477P    761
0.947154713,0.894736568,0.,0.948096988,0.890945143,0.,               477P    762
0.949039264,0.887153718,0.,0.949519632,0.883128763,0.,0.95,          477P    763
0.879103808,0.,0.95,0.875,0.,0.,1.,0.,0.,1.;                         477P    764
124,-1.,-6.98296267768627E-015,0.,170.,-6.98296267768627E-015,       479P    765
1.,-6.98296267768627E-015,5.90358779470648E-013,                     479P    766
4.87617677579594E-029,-6.98296267768627E-015,-1.,                    479P    767
3.14233320495878E-013;                                               479P    768
100,0.,85.,45.,90.,45.,80.,45.;                                      481P    769
102,2,471,477;                                                       483P    770
102,2,475,481;                                                       485P    771
142,1,395,483,485,1;                                                 487P    772
126,32,2,1,0,1,0,0.,0.,0.,0.0625,0.0625,0.125,0.125,0.1875,          489P    773
0.1875,0.25,0.25,0.3125,0.3125,0.375,0.375,0.4375,0.4375,0.5,        489P    774
0.5,0.5625,0.5625,0.625,0.625,0.6875,0.6875,0.75,0.75,0.8125,        489P    775
0.8125,0.875,0.875,0.9375,0.9375,1.,1.,1.,1.,1.,1.,1.,1.,1.,1.,      489P    776
1.,1.,1.,1.,1.,1.,1.,1.,1.,1.,1.,1.,1.,1.,1.,1.,1.,1.,1.,1.,1.,      489P    777
1.,1.,1.,1.,1.,0.1,0.875,0.,0.1,0.870896192,0.,0.099519632,          489P    778
0.866871237,0.,0.099039264,0.862846282,0.,0.098096988,               489P    779
0.859054857,0.,0.097154713,0.855263432,0.,0.09578674,                489P    780
0.85185124,0.,0.094418768,0.848439048,0.,0.09267767,                 489P    781
0.845537217,0.,0.090936571,0.842635387,0.,0.088889256,               489P    782
0.840355433,0.,0.086841941,0.838075479,0.,0.084567086,               489P    783
0.836505019,0.,0.082292231,0.83493456,0.,0.079877258,                489P    784
0.834133947,0.,0.077462285,0.833333333,0.,0.075,0.833333333,0.,      489P    785
0.072537715,0.833333333,0.,0.070122742,0.834133947,0.,               489P    786
0.067707769,0.83493456,0.,0.065432914,0.836505019,0.,                489P    787
0.063158059,0.838075479,0.,0.061110744,0.840355433,0.,               489P    788
0.059063429,0.842635387,0.,0.05732233,0.845537217,0.,                489P    789
0.055581232,0.848439048,0.,0.05421326,0.85185124,0.,                 489P    790
0.052845287,0.855263432,0.,0.051903012,0.859054857,0.,               489P    791
0.050960736,0.862846282,0.,0.050480368,0.866871237,0.,0.05,          489P    792
0.870896192,0.,0.05,0.875,0.,0.,1.,0.,0.,1.;                         489P    793
124,1.,-7.105427357601E-015,0.,3.20299342604353E-013,                491P    794
-7.105427357601E-015,-1.,6.98296267768627E-015,                      491P    795
89.9999999999994,-4.96169340471387E-029,-6.98296267768627E-015,      491P    796
-1.,3.14233320495878E-013;                                           491P    797
100,0.,-85.,45.,-80.,45.,-90.,45.;                                   493P    798
126,32,2,1,0,1,0,0.,0.,0.,0.0625,0.0625,0.125,0.125,0.1875,          495P    799
0.1875,0.25,0.25,0.3125,0.3125,0.375,0.375,0.4375,0.4375,0.5,        495P    800
0.5,0.5625,0.5625,0.625,0.625,0.6875,0.6875,0.75,0.75,0.8125,        495P    801
0.8125,0.875,0.875,0.9375,0.9375,1.,1.,1.,1.,1.,1.,1.,1.,1.,1.,      495P    802
1.,1.,1.,1.,1.,1.,1.,1.,1.,1.,1.,1.,1.,1.,1.,1.,1.,1.,1.,1.,1.,      495P    803
1.,1.,1.,1.,1.,0.05,0.875,0.,0.05,0.879103808,0.,0.050480368,        495P    804
0.883128763,0.,0.050960736,0.887153718,0.,0.051903012,               495P    805
0.890945143,0.,0.052845287,0.894736568,0.,0.05421326,                495P    806
0.89814876,0.,0.055581232,0.901560952,0.,0.05732233,                 495P    807
0.904462783,0.,0.059063429,0.907364613,0.,0.061110744,               495P    808
0.909644567,0.,0.063158059,0.911924521,0.,0.065432914,               495P    809
0.913494981,0.,0.067707769,0.91506544,0.,0.070122742,                495P    810
0.915866053,0.,0.072537715,0.916666667,0.,0.075,0.916666667,0.,      495P    811
0.077462285,0.916666667,0.,0.079877258,0.915866053,0.,               495P    812
0.082292231,0.91506544,0.,0.084567086,0.913494981,0.,                495P    813
0.086841941,0.911924521,0.,0.088889256,0.909644567,0.,               495P    814
0.090936571,0.907364613,0.,0.09267767,0.904462783,0.,                495P    815
0.094418768,0.901560952,0.,0.09578674,0.89814876,0.,                 495P    816
0.097154713,0.894736568,0.,0.098096988,0.890945143,0.,               495P    817
0.099039264,0.887153718,0.,0.099519632,0.883128763,0.,0.1,           495P    818
0.879103808,0.,0.1,0.875,0.,0.,1.,0.,0.,1.;                          495P    819
124,-1.,-6.98296267768627E-015,0.,-170.,-6.98296267768627E-015,      497P    820
1.,-6.98296267768627E-015,-5.90358779470639E-013,                    497P    821
4.87617677579594E-029,-6.98296267768627E-015,-1.,                    497P    822
3.14233320495886E-013;                                               497P    823
100,0.,-85.,45.,-80.,45.,-90.,45.;                                   499P    824
102,2,489,495;                                                       501P    825
102,2,493,499;                                                       503P    826
142,1,395,501,503,1;                                                 505P    827
144,395,1,4,433,451,469,487,505;                                     507P    828
110,-90.,-50.,15.,-90.,-50.,-985.;                                   509P    829
110,-100.,-50.,15.,-100.,-50.,0.;                                    511P    830
120,509,511,0.,6.28318530717959;                                     513P    831
126,1,1,1,0,1,0,0.,0.,1.,1.,1.,1.,0.,4.71238898,0.,0.,               515P    832
6.283185307,0.,0.,1.,0.,0.,1.;                                       515P    833
124,-1.27618435944632E-014,-1.,-4.8454037155409E-030,                517P    834
-140.000000000001,-1.,1.27618435944632E-014,                         517P    835
6.98296267768627E-015,-140.,-6.98296267768627E-015,                  517P    836
9.39608812341469E-029,-1.,29.9999999999994;                          517P    837
100,15.,-90.,-50.,-80.,-50.,-90.,-40.;                               519P    838
126,1,1,1,0,1,0,0.,0.,1.,1.,1.,1.,0.,6.283185307,0.,1.,              521P    839
6.283185307,0.,0.,1.,0.,0.,1.;                                       521P    840
110,-100.,-50.,15.,-100.,-50.,0.;                                    523P    841
126,1,1,1,0,1,0,0.,0.,1.,1.,1.,1.,1.,6.283185307,0.,1.,              525P    842
4.71238898,0.,0.,1.,0.,0.,1.;                                        525P    843
100,0.,-90.,-50.,-100.,-50.,-90.,-60.;                               527P    844
126,1,1,1,0,1,0,0.,0.,1.,1.,1.,1.,1.,4.71238898,0.,0.,               529P    845
4.71238898,0.,0.,1.,0.,0.,1.;                                        529P    846
110,-90.,-60.,0.,-90.,-60.,15.;                                      531P    847
102,4,515,521,525,529;                                               533P    848
102,4,519,523,527,531;                                               535P    849
142,1,513,533,535,1;                                                 537P    850
144,513,1,0,537;                                                     539P    851
110,90.,-50.,15.,90.,-50.,-985.;                                     541P    852
110,80.,-50.,15.,80.,-50.,0.;                                        543P    853
120,541,543,0.,6.28318530717959;                                     545P    854
126,1,1,1,0,1,0,0.,0.,1.,1.,1.,1.,0.,3.141592654,0.,0.,              547P    855
4.71238898,0.,0.,1.,0.,0.,1.;                                        547P    856
124,1.,-1.40883900352873E-014,-6.98296267768627E-015,                549P    857
-6.02605247462095E-013,-1.40883900352873E-014,-1.,0.,                549P    858
-99.9999999999987,-6.98296267768627E-015,9.83787018050981E-029,      549P    859
-1.,30.0000000000006;                                                549P    860
100,15.,90.,-50.,100.,-50.,90.,-40.;                                 551P    861
126,1,1,1,0,1,0,0.,0.,1.,1.,1.,1.,0.,4.71238898,0.,1.,               553P    862
4.71238898,0.,0.,1.,0.,0.,1.;                                        553P    863
110,90.,-60.,15.,90.,-60.,0.;                                        555P    864
126,1,1,1,0,1,0,0.,0.,1.,1.,1.,1.,1.,4.71238898,0.,1.,               557P    865
3.141592654,0.,0.,1.,0.,0.,1.;                                       557P    866
100,0.,90.,-50.,90.,-60.,100.,-50.;                                  559P    867
126,1,1,1,0,1,0,0.,0.,1.,1.,1.,1.,1.,3.141592654,0.,0.,              561P    868
3.141592654,0.,0.,1.,0.,0.,1.;                                       561P    869
110,100.,-50.,0.,100.,-50.,15.;                                      563P    870
102,4,547,553,557,561;                                               565P    871
102,4,551,555,559,563;                                               567P    872
142,1,545,565,567,1;                                                 569P    873
144,545,1,0,569;                                                     571P    874
110,90.,50.,15.,90.,50.,-985.;                                       573P    875
110,80.,50.,15.,80.,50.,0.;                                          575P    876
120,573,575,0.,6.28318530717959;                                     577P    877
126,1,1,1,0,1,0,0.,0.,1.,1.,1.,1.,0.,1.570796327,0.,0.,              579P    878
3.141592654,0.,0.,1.,0.,0.,1.;                                       579P    879
124,6.12323399573677E-017,1.,0.,40.,1.,-6.12323399573677E-017,       581P    880
-6.98296267768627E-015,-39.9999999999999,                            581P    881
-6.98296267768627E-015,4.27583144589696E-031,-1.,                    581P    882
30.0000000000006;                                                    581P    883
100,15.,90.,50.,100.,50.,90.,60.;                                    583P    884
126,1,1,1,0,1,0,0.,0.,1.,1.,1.,1.,0.,3.141592654,0.,1.,              585P    885
3.141592654,0.,0.,1.,0.,0.,1.;                                       585P    886
110,100.,50.,15.,100.,50.,0.;                                        587P    887
126,1,1,1,0,1,0,0.,0.,1.,1.,1.,1.,1.,3.141592654,0.,1.,              589P    888
1.570796327,0.,0.,1.,0.,0.,1.;                                       589P    889
100,0.,90.,50.,100.,50.,90.,60.;                                     591P    890
126,1,1,1,0,1,0,0.,0.,1.,1.,1.,1.,1.,1.570796327,0.,0.,              593P    891
1.570796327,0.,0.,1.,0.,0.,1.;                                       593P    892
110,90.,60.,0.,90.,60.,15.;                                          595P    893
102,4,579,585,589,593;                                               597P    894
102,4,583,587,591,595;                                               599P    895
142,1,577,597,599,1;                                                 601P    896
144,577,1,0,601;                                                     603P    897
110,-90.,50.,15.,-90.,50.,-985.;                                     605P    898
110,-100.,50.,15.,-100.,50.,0.;                                      607P    899
120,605,607,0.,6.28318530717959;                                     609P    900
126,1,1,1,0,1,0,0.,0.,1.,1.,1.,1.,0.,0.,0.,0.,1.570796327,0.,        611P    901
0.,1.,0.,0.,1.;                                                      611P    902
124,-1.,-2.77555756156289E-015,6.98296267768627E-015,-180.,          613P    903
-2.77555756156289E-015,1.,-9.69080743108179E-030,                    613P    904
-2.49800180540659E-013,-6.98296267768627E-015,                       613P    905
-2.90724222932454E-029,-1.,29.9999999999994;                         613P    906
100,15.,-90.,50.,-80.,50.,-90.,60.;                                  615P    907
126,1,1,1,0,1,0,0.,0.,1.,1.,1.,1.,0.,1.570796327,0.,1.,              617P    908
1.570796327,0.,0.,1.,0.,0.,1.;                                       617P    909
110,-90.,60.,15.,-90.,60.,0.;                                        619P    910
126,1,1,1,0,1,0,0.,0.,1.,1.,1.,1.,1.,1.570796327,0.,1.,0.,0.,        621P    911
0.,1.,0.,0.,1.;                                                      621P    912
100,0.,-90.,50.,-90.,60.,-100.,50.;                                  623P    913
126,1,1,1,0,1,0,0.,0.,1.,1.,1.,1.,1.,0.,0.,0.,0.,0.,0.,1.,0.,        625P    914
0.,1.;                                                               625P    915
110,-100.,50.,0.,-100.,50.,15.;                                      627P    916
102,4,611,617,621,625;                                               629P    917
102,4,615,619,623,627;                                               631P    918
142,1,609,629,631,1;                                                 633P    919
144,609,1,0,633;                                                     635P    920
128,1,1,1,1,0,0,1,0,0,0.,0.,1.,1.,0.,0.,1.,1.,1.,1.,1.,1.,           637P    921
61.34680217,-26.830470646,15.,61.34680217,-26.830470646,45.,         637P    922
61.34680217,26.830470646,15.,61.34680217,26.830470646,45.,0.,        637P    923
1.,0.,1.;                                                            637P    924
126,1,1,1,0,1,0,0.,0.,1.,1.,1.,1.,1.,1.,0.,0.,1.,0.,0.,1.,0.,        639P    925
0.,1.;                                                               639P    926
110,61.34680217,26.830470646,45.,61.34680217,26.830470646,15.;       641P    927
126,1,1,1,0,1,0,0.,0.,1.,1.,1.,1.,0.,1.,0.,0.,0.,0.,0.,1.,0.,        643P    928
0.,1.;                                                               643P    929
110,61.34680217,26.830470646,15.,61.34680217,-26.830470646,15.;      645P    930
126,1,1,1,0,1,0,0.,0.,1.,1.,1.,1.,0.,0.,0.,1.,0.,0.,0.,1.,0.,        647P    931
0.,1.;                                                               647P    932
110,61.34680217,-26.830470646,15.,61.34680217,-26.830470646,         649P    933
45.;                                                                 649P    934
126,1,1,1,0,1,0,0.,0.,1.,1.,1.,1.,1.,0.,0.,1.,1.,0.,0.,1.,0.,        651P    935
0.,1.;                                                               651P    936
110,61.34680217,-26.830470646,45.,61.34680217,26.830470646,45.;      653P    937
102,4,639,643,647,651;                                               655P    938
102,4,641,645,649,653;                                               657P    939
142,1,637,655,657,1;                                                 659P    940
144,637,1,0,659;                                                     661P    941
128,1,1,1,1,0,0,1,0,0,0.,0.,1.,1.,0.,0.,1.,1.,1.,1.,1.,1.,           663P    942
-51.34680217,36.830470646,45.,-51.34680217,36.830470646,15.,         663P    943
51.34680217,36.830470646,45.,51.34680217,36.830470646,15.,0.,        663P    944
1.,0.,1.;                                                            663P    945
126,1,1,1,0,1,0,0.,0.,1.,1.,1.,1.,0.,0.,0.,1.,0.,0.,0.,1.,0.,        665P    946
0.,1.;                                                               665P    947
110,-51.34680217,36.830470646,45.,-51.34680217,36.830470646,         667P    948
15.;                                                                 667P    949
126,1,1,1,0,1,0,0.,0.,1.,1.,1.,1.,1.,0.,0.,1.,1.,0.,0.,1.,0.,        669P    950
0.,1.;                                                               669P    951
110,-51.34680217,36.830470646,15.,51.34680217,36.830470646,15.;      671P    952
126,1,1,1,0,1,0,0.,0.,1.,1.,1.,1.,1.,1.,0.,0.,1.,0.,0.,1.,0.,        673P    953
0.,1.;                                                               673P    954
110,51.34680217,36.830470646,15.,51.34680217,36.830470646,45.;       675P    955
126,1,1,1,0,1,0,0.,0.,1.,1.,1.,1.,0.,1.,0.,0.,0.,0.,0.,1.,0.,        677P    956
0.,1.;                                                               677P    957
110,51.34680217,36.830470646,45.,-51.34680217,36.830470646,45.;      679P    958
102,4,665,669,673,677;                                               681P    959
102,4,667,671,675,679;                                               683P    960
142,1,663,681,683,1;                                                 685P    961
144,663,1,0,685;                                                     687P    962
128,1,1,1,1,0,0,1,0,0,0.,0.,1.,1.,0.,0.,1.,1.,1.,1.,1.,1.,           689P    963
-61.34680217,-26.830470646,45.,-61.34680217,-26.830470646,15.,       689P    964
-61.34680217,26.830470646,45.,-61.34680217,26.830470646,15.,0.,      689P    965
1.,0.,1.;                                                            689P    966
126,1,1,1,0,1,0,0.,0.,1.,1.,1.,1.,0.,0.,0.,1.,0.,0.,0.,1.,0.,        691P    967
0.,1.;                                                               691P    968
110,-61.34680217,-26.830470646,45.,-61.34680217,-26.830470646,       693P    969
15.;                                                                 693P    970
126,1,1,1,0,1,0,0.,0.,1.,1.,1.,1.,1.,0.,0.,1.,1.,0.,0.,1.,0.,        695P    971
0.,1.;                                                               695P    972
110,-61.34680217,-26.830470646,15.,-61.34680217,26.830470646,        697P    973
15.;                                                                 697P    974
126,1,1,1,0,1,0,0.,0.,1.,1.,1.,1.,1.,1.,0.,0.,1.,0.,0.,1.,0.,        699P    975
0.,1.;                                                               699P    976
110,-61.34680217,26.830470646,15.,-61.34680217,26.830470646,         701P    977
45.;                                                                 701P    978
126,1,1,1,0,1,0,0.,0.,1.,1.,1.,1.,0.,1.,0.,0.,0.,0.,0.,1.,0.,        703P    979
0.,1.;                                                               703P    980
110,-61.34680217,26.830470646,45.,-61.34680217,-26.830470646,        705P    981
45.;                                                                 705P    982
102,4,691,695,699,703;                                               707P    983
102,4,693,697,701,705;                                               709P    984
142,1,689,707,709,1;                                                 711P    985
144,689,1,0,711;                                                     713P    986
128,1,1,1,1,0,0,1,0,0,0.,0.,1.,1.,0.,0.,1.,1.,1.,1.,1.,1.,           715P    987
-51.34680217,-36.830470646,15.,-51.34680217,-36.830470646,45.,       715P    988
51.34680217,-36.830470646,15.,51.34680217,-36.830470646,45.,0.,      715P    989
1.,0.,1.;                                                            715P    990
126,1,1,1,0,1,0,0.,0.,1.,1.,1.,1.,0.,0.,0.,1.,0.,0.,0.,1.,0.,        717P    991
0.,1.;                                                               717P    992
110,-51.34680217,-36.830470646,15.,-51.34680217,-36.830470646,       719P    993
45.;                                                                 719P    994
126,1,1,1,0,1,0,0.,0.,1.,1.,1.,1.,1.,0.,0.,1.,1.,0.,0.,1.,0.,        721P    995
0.,1.;                                                               721P    996
110,-51.34680217,-36.830470646,45.,51.34680217,-36.830470646,        723P    997
45.;                                                                 723P    998
126,1,1,1,0,1,0,0.,0.,1.,1.,1.,1.,1.,1.,0.,0.,1.,0.,0.,1.,0.,        725P    999
0.,1.;                                                               725P   1000
110,51.34680217,-36.830470646,45.,51.34680217,-36.830470646,         727P   1001
15.;                                                                 727P   1002
126,1,1,1,0,1,0,0.,0.,1.,1.,1.,1.,0.,1.,0.,0.,0.,0.,0.,1.,0.,        729P   1003
0.,1.;                                                               729P   1004
110,51.34680217,-36.830470646,15.,-51.34680217,-36.830470646,        731P   1005
15.;                                                                 731P   1006
102,4,717,721,725,729;                                               733P   1007
102,4,719,723,727,731;                                               735P   1008
142,1,715,733,735,1;                                                 737P   1009
144,715,1,0,737;                                                     739P   1010
128,1,1,1,1,0,0,1,0,0,0.,0.,1.,1.,0.,0.,1.,1.,1.,1.,1.,1.,           741P   1011
61.34680217,-36.830470646,45.,-61.34680217,-36.830470646,45.,        741P   1012
61.34680217,36.830470646,45.,-61.34680217,36.830470646,45.,0.,       741P   1013
1.,0.,1.;                                                            741P   1014
126,16,2,1,0,1,0,0.,0.,0.,0.125,0.125,0.25,0.25,0.375,0.375,         743P   1015
0.5,0.5,0.625,0.625,0.75,0.75,0.875,0.875,1.,1.,1.,1.,1.,1.,1.,      743P   1016
1.,1.,1.,1.,1.,1.,1.,1.,1.,1.,1.,1.,1.,0.918496159,0.,0.,            743P   1017
0.926523587,0.,0.,0.93439677,0.002608536,0.,0.942269953,             743P   1018
0.005217071,0.,0.949686329,0.010333898,0.,0.957102705,               743P   1019
0.015450725,0.,0.963777267,0.022879206,0.,0.970451829,               743P   1020
0.030307688,0.,0.976128078,0.039762351,0.,0.981804326,               743P   1021
0.049217014,0.,0.986264126,0.060334522,0.,0.990723926,               743P   1022
0.07145203,0.,0.99379589,0.083805142,0.,0.996867853,                 743P   1023
0.096158255,0.,0.998433927,0.10927225,0.,1.,0.122386244,0.,1.,       743P   1024
0.135757157,0.,0.,1.,0.,0.,-1.;                                      743P   1025
124,-7.04419501764363E-015,-1.,0.,-78.1772728157605,-1.,             745P   1026
7.04419501764363E-015,6.98296267768627E-015,-78.1772728157602,       745P   1027
-6.98296267768627E-015,4.91893509025491E-029,-1.,                    745P   1028
89.9999999999996;                                                    745P   1029
100,45.,-51.34680217,-26.830470646,-41.34680217,-26.830470646,       747P   1030
-51.34680217,-16.830470646;                                          747P   1031
126,1,1,1,0,1,0,0.,0.,1.,1.,1.,1.,1.,0.135757157,0.,1.,              749P   1032
0.864242843,0.,0.,1.,0.,0.,1.;                                       749P   1033
110,-61.34680217,-26.830470646,45.,-61.34680217,26.830470646,        751P   1034
45.;                                                                 751P   1035
126,16,2,1,0,1,0,0.,0.,0.,0.125,0.125,0.25,0.25,0.375,0.375,         753P   1036
0.5,0.5,0.625,0.625,0.75,0.75,0.875,0.875,1.,1.,1.,1.,1.,1.,1.,      753P   1037
1.,1.,1.,1.,1.,1.,1.,1.,1.,1.,1.,1.,1.,1.,0.864242843,0.,1.,         753P   1038
0.877613756,0.,0.998433927,0.89072775,0.,0.996867853,                753P   1039
0.903841745,0.,0.99379589,0.916194858,0.,0.990723926,                753P   1040
0.92854797,0.,0.986264126,0.939665478,0.,0.981804326,                753P   1041
0.950782986,0.,0.976128078,0.960237649,0.,0.970451829,               753P   1042
0.969692312,0.,0.963777267,0.977120794,0.,0.957102705,               753P   1043
0.984549275,0.,0.949686329,0.989666102,0.,0.942269953,               753P   1044
0.994782929,0.,0.93439677,0.997391464,0.,0.926523587,1.,0.,          753P   1045
0.918496159,1.,0.,0.,1.,0.,0.,-1.;                                   753P   1046
124,-1.,0.,6.98296267768627E-015,-102.693604339878,0.,1.,0.,0.,      755P   1047
-6.98296267768627E-015,0.,-1.,89.9999999999996;                      755P   1048
100,45.,-51.34680217,26.830470646,-41.34680217,26.830470646,         757P   1049
-51.34680217,36.830470646;                                           757P   1050
126,1,1,1,0,1,0,0.,0.,1.,1.,1.,1.,0.918496159,1.,0.,                 759P   1051
0.081503841,1.,0.,0.,1.,0.,0.,1.;                                    759P   1052
110,-51.34680217,36.830470646,45.,51.34680217,36.830470646,45.;      761P   1053
126,16,2,1,0,1,0,0.,0.,0.,0.125,0.125,0.25,0.25,0.375,0.375,         763P   1054
0.5,0.5,0.625,0.625,0.75,0.75,0.875,0.875,1.,1.,1.,1.,1.,1.,1.,      763P   1055
1.,1.,1.,1.,1.,1.,1.,1.,1.,1.,1.,1.,1.,0.081503841,1.,0.,            763P   1056
0.073476413,1.,0.,0.06560323,0.997391464,0.,0.057730047,             763P   1057
0.994782929,0.,0.050313671,0.989666102,0.,0.042897295,               763P   1058
0.984549275,0.,0.036222733,0.977120794,0.,0.029548171,               763P   1059
0.969692312,0.,0.023871922,0.960237649,0.,0.018195674,               763P   1060
0.950782986,0.,0.013735874,0.939665478,0.,0.009276074,               763P   1061
0.92854797,0.,0.00620411,0.916194858,0.,0.003132147,                 763P   1062
0.903841745,0.,0.001566073,0.89072775,0.,0.,0.877613756,0.,0.,       763P   1063
0.864242843,0.,0.,1.,0.,0.,-1.;                                      763P   1064
124,-1.32654644082408E-015,1.,4.84540371554089E-030,                 765P   1065
24.516331524118,1.,1.32654644082408E-015,                            765P   1066
-6.98296267768627E-015,-24.5163315241176,                            765P   1067
-6.98296267768627E-015,-4.41782057095119E-030,-1.,                   765P   1068
90.0000000000004;                                                    765P   1069
100,45.,51.34680217,26.830470646,61.34680217,26.830470646,           767P   1070
51.34680217,36.830470646;                                            767P   1071
126,1,1,1,0,1,0,0.,0.,1.,1.,1.,1.,0.,0.864242843,0.,0.,              769P   1072
0.135757157,0.,0.,1.,0.,0.,1.;                                       769P   1073
110,61.34680217,26.830470646,45.,61.34680217,-26.830470646,45.;      771P   1074
126,16,2,1,0,1,0,0.,0.,0.,0.125,0.125,0.25,0.25,0.375,0.375,         773P   1075
0.5,0.5,0.625,0.625,0.75,0.75,0.875,0.875,1.,1.,1.,1.,1.,1.,1.,      773P   1076
1.,1.,1.,1.,1.,1.,1.,1.,1.,1.,1.,1.,1.,0.,0.135757157,0.,0.,         773P   1077
0.122386244,0.,0.001566073,0.10927225,0.,0.003132147,                773P   1078
0.096158255,0.,0.00620411,0.083805142,0.,0.009276074,                773P   1079
0.07145203,0.,0.013735874,0.060334522,0.,0.018195674,                773P   1080
0.049217014,0.,0.023871922,0.039762351,0.,0.029548171,               773P   1081
0.030307688,0.,0.036222733,0.022879206,0.,0.042897295,               773P   1082
0.015450725,0.,0.050313671,0.010333898,0.,0.057730047,               773P   1083
0.005217071,0.,0.06560323,0.002608536,0.,0.073476413,0.,0.,          773P   1084
0.081503841,0.,0.,0.,1.,0.,0.,-1.;                                   773P   1085
124,1.,-1.36998119766685E-014,-6.98296267768627E-015,                775P   1086
-5.11670139635095E-014,-1.36998119766685E-014,-1.,                   775P   1087
4.84540371554089E-030,-53.6609412916415,-6.98296267768627E-015,      775P   1088
9.08198720088543E-029,-1.,90.0000000000004;                          775P   1089
100,45.,51.34680217,-26.830470646,61.34680217,-26.830470646,         777P   1090
51.34680217,-16.830470646;                                           777P   1091
126,1,1,1,0,1,0,0.,0.,1.,1.,1.,1.,0.081503841,0.,0.,                 779P   1092
0.918496159,0.,0.,0.,1.,0.,0.,1.;                                    779P   1093
110,51.34680217,-36.830470646,45.,-51.34680217,-36.830470646,        781P   1094
45.;                                                                 781P   1095
102,8,743,749,753,759,763,769,773,779;                               783P   1096
102,8,747,751,757,761,767,771,777,781;                               785P   1097
142,1,741,783,785,1;                                                 787P   1098
126,16,2,1,0,1,0,0.,0.,0.,0.125,0.125,0.25,0.25,0.375,0.375,         789P   1099
0.5,0.5,0.625,0.625,0.75,0.75,0.875,0.875,1.,1.,1.,1.,1.,1.,1.,      789P   1100
1.,1.,1.,1.,1.,1.,1.,1.,1.,1.,1.,1.,1.,0.8586169,0.839392893,        789P   1101
0.,0.863433356,0.839392893,0.,0.868157266,0.837827772,0.,            789P   1102
0.872881176,0.836262651,0.,0.877331001,0.833192554,0.,               789P   1103
0.881780827,0.830122458,0.,0.885785564,0.82566537,0.,                789P   1104
0.889790302,0.821208281,0.,0.893196051,0.815535483,0.,               789P   1105
0.8966018,0.809862685,0.,0.89927768,0.80319218,0.,0.90195356,        789P   1106
0.796521676,0.,0.903796738,0.789109808,0.,0.905639916,               789P   1107
0.78169794,0.,0.90657956,0.773829544,0.,0.907519204,                 789P   1108
0.765961147,0.,0.907519204,0.757938599,0.,0.,1.,0.,0.,1.;            789P   1109
100,45.,-44.,19.,-44.,25.,-50.,19.;                                  791P   1110
126,1,1,1,0,1,0,0.,0.,1.,1.,1.,1.,0.907519204,0.757938599,0.,        793P   1111
0.907519204,0.242061401,0.,0.,1.,0.,0.,1.;                           793P   1112
110,-50.,19.,45.,-50.,-19.,45.;                                      795P   1113
126,16,2,1,0,1,0,0.,0.,0.,0.125,0.125,0.25,0.25,0.375,0.375,         797P   1114
0.5,0.5,0.625,0.625,0.75,0.75,0.875,0.875,1.,1.,1.,1.,1.,1.,1.,      797P   1115
1.,1.,1.,1.,1.,1.,1.,1.,1.,1.,1.,1.,1.,0.907519204,0.242061401,      797P   1116
0.,0.907519204,0.234038853,0.,0.90657956,0.226170456,0.,             797P   1117
0.905639916,0.21830206,0.,0.903796738,0.210890192,0.,                797P   1118
0.90195356,0.203478324,0.,0.89927768,0.19680782,0.,0.8966018,        797P   1119
0.190137315,0.,0.893196051,0.184464517,0.,0.889790302,               797P   1120
0.178791719,0.,0.885785564,0.17433463,0.,0.881780827,                797P   1121
0.169877542,0.,0.877331001,0.166807446,0.,0.872881176,               797P   1122
0.163737349,0.,0.868157266,0.162172228,0.,0.863433356,               797P   1123
0.160607107,0.,0.8586169,0.160607107,0.,0.,1.,0.,0.,1.;              797P   1124
100,45.,-44.,-19.,-50.,-19.,-44.,-25.;                               799P   1125
126,1,1,1,0,1,0,0.,0.,1.,1.,1.,1.,0.8586169,0.160607107,0.,          801P   1126
0.1413831,0.160607107,0.,0.,1.,0.,0.,1.;                             801P   1127
110,-44.,-25.,45.,44.,-25.,45.;                                      803P   1128
126,16,2,1,0,1,0,0.,0.,0.,0.125,0.125,0.25,0.25,0.375,0.375,         805P   1129
0.5,0.5,0.625,0.625,0.75,0.75,0.875,0.875,1.,1.,1.,1.,1.,1.,1.,      805P   1130
1.,1.,1.,1.,1.,1.,1.,1.,1.,1.,1.,1.,1.,0.1413831,0.160607107,        805P   1131
0.,0.136566644,0.160607107,0.,0.131842734,0.162172228,0.,            805P   1132
0.127118824,0.163737349,0.,0.122668999,0.166807446,0.,               805P   1133
0.118219173,0.169877542,0.,0.114214436,0.17433463,0.,                805P   1134
0.110209698,0.178791719,0.,0.106803949,0.184464517,0.,               805P   1135
0.1033982,0.190137315,0.,0.10072232,0.19680782,0.,0.09804644,        805P   1136
0.203478324,0.,0.096203262,0.210890192,0.,0.094360084,               805P   1137
0.21830206,0.,0.09342044,0.226170456,0.,0.092480796,                 805P   1138
0.234038853,0.,0.092480796,0.242061401,0.,0.,1.,0.,0.,1.;            805P   1139
100,45.,44.,-19.,44.,-25.,50.,-19.;                                  807P   1140
126,1,1,1,0,1,0,0.,0.,1.,1.,1.,1.,0.092480796,0.242061401,0.,        809P   1141
0.092480796,0.757938599,0.,0.,1.,0.,0.,1.;                           809P   1142
110,50.,-19.,45.,50.,19.,45.;                                        811P   1143
126,16,2,1,0,1,0,0.,0.,0.,0.125,0.125,0.25,0.25,0.375,0.375,         813P   1144
0.5,0.5,0.625,0.625,0.75,0.75,0.875,0.875,1.,1.,1.,1.,1.,1.,1.,      813P   1145
1.,1.,1.,1.,1.,1.,1.,1.,1.,1.,1.,1.,1.,0.092480796,0.757938599,      813P   1146
0.,0.092480796,0.765961147,0.,0.09342044,0.773829544,0.,             813P   1147
0.094360084,0.78169794,0.,0.096203262,0.789109808,0.,                813P   1148
0.09804644,0.796521676,0.,0.10072232,0.80319218,0.,0.1033982,        813P   1149
0.809862685,0.,0.106803949,0.815535483,0.,0.110209698,               813P   1150
0.821208281,0.,0.114214436,0.82566537,0.,0.118219173,                813P   1151
0.830122458,0.,0.122668999,0.833192554,0.,0.127118824,               813P   1152
0.836262651,0.,0.131842734,0.837827772,0.,0.136566644,               813P   1153
0.839392893,0.,0.1413831,0.839392893,0.,0.,1.,0.,0.,1.;              813P   1154
100,45.,44.,19.,50.,19.,44.,25.;                                     815P   1155
126,1,1,1,0,1,0,0.,0.,1.,1.,1.,1.,0.1413831,0.839392893,0.,          817P   1156
0.8586169,0.839392893,0.,0.,1.,0.,0.,1.;                             817P   1157
110,44.,25.,45.,-44.,25.,45.;                                        819P   1158
102,8,789,793,797,801,805,809,813,817;                               821P   1159
102,8,791,795,799,803,807,811,815,819;                               823P   1160
142,1,741,821,823,1;                                                 825P   1161
144,741,1,1,787,825;                                                 827P   1162
110,51.34680217,-26.830470646,45.,51.34680217,-26.830470646,         829P   1163
-955.;                                                               829P   1164
110,41.34680217,-26.830470646,45.,41.34680217,-26.830470646,         831P   1165
15.;                                                                 831P   1166
120,829,831,0.,6.28318530717959;                                     833P   1167
126,1,1,1,0,1,0,0.,0.,1.,1.,1.,1.,0.,3.141592654,0.,0.,              835P   1168
4.71238898,0.,0.,1.,0.,0.,1.;                                        835P   1169
124,1.,-1.36998119766685E-014,-6.98296267768627E-015,                837P   1170
-5.11670139635095E-014,-1.36998119766685E-014,-1.,                   837P   1171
4.84540371554089E-030,-53.6609412916415,-6.98296267768627E-015,      837P   1172
9.08198720088543E-029,-1.,90.0000000000004;                          837P   1173
100,45.,51.34680217,-26.830470646,61.34680217,-26.830470646,         839P   1174
51.34680217,-16.830470646;                                           839P   1175
126,1,1,1,0,1,0,0.,0.,1.,1.,1.,1.,0.,4.71238898,0.,1.,               841P   1176
4.71238898,0.,0.,1.,0.,0.,1.;                                        841P   1177
110,51.34680217,-36.830470646,45.,51.34680217,-36.830470646,         843P   1178
15.;                                                                 843P   1179
126,1,1,1,0,1,0,0.,0.,1.,1.,1.,1.,1.,4.71238898,0.,1.,               845P   1180
3.141592654,0.,0.,1.,0.,0.,1.;                                       845P   1181
100,15.,51.34680217,-26.830470646,51.34680217,-36.830470646,         847P   1182
61.34680217,-26.830470646;                                           847P   1183
126,1,1,1,0,1,0,0.,0.,1.,1.,1.,1.,1.,3.141592654,0.,0.,              849P   1184
3.141592654,0.,0.,1.,0.,0.,1.;                                       849P   1185
110,61.34680217,-26.830470646,15.,61.34680217,-26.830470646,         851P   1186
45.;                                                                 851P   1187
102,4,835,841,845,849;                                               853P   1188
102,4,839,843,847,851;                                               855P   1189
142,1,833,853,855,1;                                                 857P   1190
144,833,1,0,857;                                                     859P   1191
110,51.34680217,26.830470646,45.,51.34680217,26.830470646,           861P   1192
-955.;                                                               861P   1193
110,41.34680217,26.830470646,45.,41.34680217,26.830470646,15.;       863P   1194
120,861,863,0.,6.28318530717959;                                     865P   1195
126,1,1,1,0,1,0,0.,0.,1.,1.,1.,1.,0.,1.570796327,0.,0.,              867P   1196
3.141592654,0.,0.,1.,0.,0.,1.;                                       867P   1197
124,-1.32654644082408E-015,1.,4.84540371554089E-030,                 869P   1198
24.516331524118,1.,1.32654644082408E-015,                            869P   1199
-6.98296267768627E-015,-24.5163315241176,                            869P   1200
-6.98296267768627E-015,-4.41782057095119E-030,-1.,                   869P   1201
90.0000000000004;                                                    869P   1202
100,45.,51.34680217,26.830470646,61.34680217,26.830470646,           871P   1203
51.34680217,36.830470646;                                            871P   1204
126,1,1,1,0,1,0,0.,0.,1.,1.,1.,1.,0.,3.141592654,0.,1.,              873P   1205
3.141592654,0.,0.,1.,0.,0.,1.;                                       873P   1206
110,61.34680217,26.830470646,45.,61.34680217,26.830470646,15.;       875P   1207
126,1,1,1,0,1,0,0.,0.,1.,1.,1.,1.,1.,3.141592654,0.,1.,              877P   1208
1.570796327,0.,0.,1.,0.,0.,1.;                                       877P   1209
100,15.,51.34680217,26.830470646,61.34680217,26.830470646,           879P   1210
51.34680217,36.830470646;                                            879P   1211
126,1,1,1,0,1,0,0.,0.,1.,1.,1.,1.,1.,1.570796327,0.,0.,              881P   1212
1.570796327,0.,0.,1.,0.,0.,1.;                                       881P   1213
110,51.34680217,36.830470646,15.,51.34680217,36.830470646,45.;       883P   1214
102,4,867,873,877,881;                                               885P   1215
102,4,871,875,879,883;                                               887P   1216
142,1,865,885,887,1;                                                 889P   1217
144,865,1,0,889;                                                     891P   1218
110,-51.34680217,26.830470646,45.,-51.34680217,26.830470646,         893P   1219
-955.;                                                               893P   1220
110,-61.34680217,26.830470646,45.,-61.34680217,26.830470646,         895P   1221
15.;                                                                 895P   1222
120,893,895,0.,6.28318530717959;                                     897P   1223
126,1,1,1,0,1,0,0.,0.,1.,1.,1.,1.,0.,0.,0.,0.,1.570796327,0.,        899P   1224
0.,1.,0.,0.,1.;                                                      899P   1225
124,-1.,0.,6.98296267768627E-015,-102.693604339878,0.,1.,0.,0.,      901P   1226
-6.98296267768627E-015,0.,-1.,89.9999999999996;                      901P   1227
100,45.,-51.34680217,26.830470646,-41.34680217,26.830470646,         903P   1228
-51.34680217,36.830470646;                                           903P   1229
126,1,1,1,0,1,0,0.,0.,1.,1.,1.,1.,0.,1.570796327,0.,1.,              905P   1230
1.570796327,0.,0.,1.,0.,0.,1.;                                       905P   1231
110,-51.34680217,36.830470646,45.,-51.34680217,36.830470646,         907P   1232
15.;                                                                 907P   1233
126,1,1,1,0,1,0,0.,0.,1.,1.,1.,1.,1.,1.570796327,0.,1.,0.,0.,        909P   1234
0.,1.,0.,0.,1.;                                                      909P   1235
100,15.,-51.34680217,26.830470646,-51.34680217,36.830470646,         911P   1236
-61.34680217,26.830470646;                                           911P   1237
126,1,1,1,0,1,0,0.,0.,1.,1.,1.,1.,1.,0.,0.,0.,0.,0.,0.,1.,0.,        913P   1238
0.,1.;                                                               913P   1239
110,-61.34680217,26.830470646,15.,-61.34680217,26.830470646,         915P   1240
45.;                                                                 915P   1241
102,4,899,905,909,913;                                               917P   1242
102,4,903,907,911,915;                                               919P   1243
142,1,897,917,919,1;                                                 921P   1244
144,897,1,0,921;                                                     923P   1245
110,-51.34680217,-26.830470646,45.,-51.34680217,-26.830470646,       925P   1246
-955.;                                                               925P   1247
110,-61.34680217,-26.830470646,45.,-61.34680217,-26.830470646,       927P   1248
15.;                                                                 927P   1249
120,925,927,0.,6.28318530717959;                                     929P   1250
126,1,1,1,0,1,0,0.,0.,1.,1.,1.,1.,0.,4.71238898,0.,0.,               931P   1251
6.283185307,0.,0.,1.,0.,0.,1.;                                       931P   1252
124,-7.04419501764363E-015,-1.,0.,-78.1772728157605,-1.,             933P   1253
7.04419501764363E-015,6.98296267768627E-015,-78.1772728157602,       933P   1254
-6.98296267768627E-015,4.91893509025491E-029,-1.,                    933P   1255
89.9999999999996;                                                    933P   1256
100,45.,-51.34680217,-26.830470646,-41.34680217,-26.830470646,       935P   1257
-51.34680217,-16.830470646;                                          935P   1258
126,1,1,1,0,1,0,0.,0.,1.,1.,1.,1.,0.,6.283185307,0.,1.,              937P   1259
6.283185307,0.,0.,1.,0.,0.,1.;                                       937P   1260
110,-61.34680217,-26.830470646,45.,-61.34680217,-26.830470646,       939P   1261
15.;                                                                 939P   1262
126,1,1,1,0,1,0,0.,0.,1.,1.,1.,1.,1.,6.283185307,0.,1.,              941P   1263
4.71238898,0.,0.,1.,0.,0.,1.;                                        941P   1264
100,15.,-51.34680217,-26.830470646,-61.34680217,-26.830470646,       943P   1265
-51.34680217,-36.830470646;                                          943P   1266
126,1,1,1,0,1,0,0.,0.,1.,1.,1.,1.,1.,4.71238898,0.,0.,               945P   1267
4.71238898,0.,0.,1.,0.,0.,1.;                                        945P   1268
110,-51.34680217,-36.830470646,15.,-51.34680217,-36.830470646,       947P   1269
45.;                                                                 947P   1270
102,4,931,937,941,945;                                               949P   1271
102,4,935,939,943,947;                                               951P   1272
142,1,929,949,951,1;                                                 953P   1273
144,929,1,0,953;                                                     955P   1274
128,1,1,1,1,0,0,1,0,0,0.,0.,1.,1.,0.,0.,1.,1.,1.,1.,1.,1.,50.,       957P   1275
-19.,45.,50.,-19.,20.,50.,19.,45.,50.,19.,20.,0.,1.,0.,1.;           957P   1276
126,1,1,1,0,1,0,0.,0.,1.,1.,1.,1.,1.,1.,0.,0.,1.,0.,0.,1.,0.,        959P   1277
0.,1.;                                                               959P   1278
110,50.,19.,20.,50.,19.,45.;                                         961P   1279
126,1,1,1,0,1,0,0.,0.,1.,1.,1.,1.,0.,1.,0.,0.,0.,0.,0.,1.,0.,        963P   1280
0.,1.;                                                               963P   1281
110,50.,19.,45.,50.,-19.,45.;                                        965P   1282
126,1,1,1,0,1,0,0.,0.,1.,1.,1.,1.,0.,0.,0.,1.,0.,0.,0.,1.,0.,        967P   1283
0.,1.;                                                               967P   1284
110,50.,-19.,45.,50.,-19.,20.;                                       969P   1285
126,1,1,1,0,1,0,0.,0.,1.,1.,1.,1.,1.,0.,0.,1.,1.,0.,0.,1.,0.,        971P   1286
0.,1.;                                                               971P   1287
110,50.,-19.,20.,50.,19.,20.;                                        973P   1288
102,4,959,963,967,971;                                               975P   1289
102,4,961,965,969,973;                                               977P   1290
142,1,957,975,977,1;                                                 979P   1291
144,957,1,0,979;                                                     981P   1292
128,1,1,1,1,0,0,1,0,0,0.,0.,1.,1.,0.,0.,1.,1.,1.,1.,1.,1.,-44.,      983P   1293
-25.,45.,-44.,-25.,20.,44.,-25.,45.,44.,-25.,20.,0.,1.,0.,1.;        983P   1294
126,1,1,1,0,1,0,0.,0.,1.,1.,1.,1.,0.,0.,0.,1.,0.,0.,0.,1.,0.,        985P   1295
0.,1.;                                                               985P   1296
110,-44.,-25.,45.,-44.,-25.,20.;                                     987P   1297
126,1,1,1,0,1,0,0.,0.,1.,1.,1.,1.,1.,0.,0.,1.,1.,0.,0.,1.,0.,        989P   1298
0.,1.;                                                               989P   1299
110,-44.,-25.,20.,44.,-25.,20.;                                      991P   1300
126,1,1,1,0,1,0,0.,0.,1.,1.,1.,1.,1.,1.,0.,0.,1.,0.,0.,1.,0.,        993P   1301
0.,1.;                                                               993P   1302
110,44.,-25.,20.,44.,-25.,45.;                                       995P   1303
126,1,1,1,0,1,0,0.,0.,1.,1.,1.,1.,0.,1.,0.,0.,0.,0.,0.,1.,0.,        997P   1304
0.,1.;                                                               997P   1305
110,44.,-25.,45.,-44.,-25.,45.;                                      999P   1306
102,4,985,989,993,997;                                              1001P   1307
102,4,987,991,995,999;                                              1003P   1308
142,1,983,1001,1003,1;                                              1005P   1309
144,983,1,0,1005;                                                   1007P   1310
128,1,1,1,1,0,0,1,0,0,0.,0.,1.,1.,0.,0.,1.,1.,1.,1.,1.,1.,-50.,     1009P   1311
-19.,20.,-50.,-19.,45.,-50.,19.,20.,-50.,19.,45.,0.,1.,0.,1.;       1009P   1312
126,1,1,1,0,1,0,0.,0.,1.,1.,1.,1.,0.,0.,0.,1.,0.,0.,0.,1.,0.,       1011P   1313
0.,1.;                                                              1011P   1314
110,-50.,-19.,20.,-50.,-19.,45.;                                    1013P   1315
126,1,1,1,0,1,0,0.,0.,1.,1.,1.,1.,1.,0.,0.,1.,1.,0.,0.,1.,0.,       1015P   1316
0.,1.;                                                              1015P   1317
110,-50.,-19.,45.,-50.,19.,45.;                                     1017P   1318
126,1,1,1,0,1,0,0.,0.,1.,1.,1.,1.,1.,1.,0.,0.,1.,0.,0.,1.,0.,       1019P   1319
0.,1.;                                                              1019P   1320
110,-50.,19.,45.,-50.,19.,20.;                                      1021P   1321
126,1,1,1,0,1,0,0.,0.,1.,1.,1.,1.,0.,1.,0.,0.,0.,0.,0.,1.,0.,       1023P   1322
0.,1.;                                                              1023P   1323
110,-50.,19.,20.,-50.,-19.,20.;                                     1025P   1324
102,4,1011,1015,1019,1023;                                          1027P   1325
102,4,1013,1017,1021,1025;                                          1029P   1326
142,1,1009,1027,1029,1;                                             1031P   1327
144,1009,1,0,1031;                                                  1033P   1328
128,1,1,1,1,0,0,1,0,0,0.,0.,1.,1.,0.,0.,1.,1.,1.,1.,1.,1.,-44.,     1035P   1329
25.,20.,-44.,25.,45.,44.,25.,20.,44.,25.,45.,0.,1.,0.,1.;           1035P   1330
126,1,1,1,0,1,0,0.,0.,1.,1.,1.,1.,0.,0.,0.,1.,0.,0.,0.,1.,0.,       1037P   1331
0.,1.;                                                              1037P   1332
110,-44.,25.,20.,-44.,25.,45.;                                      1039P   1333
126,1,1,1,0,1,0,0.,0.,1.,1.,1.,1.,1.,0.,0.,1.,1.,0.,0.,1.,0.,       1041P   1334
0.,1.;                                                              1041P   1335
110,-44.,25.,45.,44.,25.,45.;                                       1043P   1336
126,1,1,1,0,1,0,0.,0.,1.,1.,1.,1.,1.,1.,0.,0.,1.,0.,0.,1.,0.,       1045P   1337
0.,1.;                                                              1045P   1338
110,44.,25.,45.,44.,25.,20.;                                        1047P   1339
126,1,1,1,0,1,0,0.,0.,1.,1.,1.,1.,0.,1.,0.,0.,0.,0.,0.,1.,0.,       1049P   1340
0.,1.;                                                              1049P   1341
110,44.,25.,20.,-44.,25.,20.;                                       1051P   1342
102,4,1037,1041,1045,1049;                                          1053P   1343
102,4,1039,1043,1047,1051;                                          1055P   1344
142,1,1035,1053,1055,1;                                             1057P   1345
144,1035,1,0,1057;                                                  1059P   1346
128,1,1,1,1,0,0,1,0,0,0.,0.,1.,1.,0.,0.,1.,1.,1.,1.,1.,1.,50.,      1061P   1347
-25.,20.,-50.,-25.,20.,50.,25.,20.,-50.,25.,20.,0.,1.,0.,1.;        1061P   1348
126,16,2,1,0,1,0,0.,0.,0.,0.125,0.125,0.25,0.25,0.375,0.375,        1063P   1349
0.5,0.5,0.625,0.625,0.75,0.75,0.875,0.875,1.,1.,1.,1.,1.,1.,1.,     1063P   1350
1.,1.,1.,1.,1.,1.,1.,1.,1.,1.,1.,1.,1.,0.94,0.,0.,0.945909484,      1063P   1351
0.,0.,0.951705419,0.002305766,0.,0.957501354,0.004611533,0.,        1063P   1352
0.962961006,0.009134456,0.,0.968420657,0.013657379,0.,              1063P   1353
0.973334214,0.020223647,0.,0.978247771,0.026789914,0.,              1063P   1354
0.982426407,0.035147186,0.,0.986605043,0.043504459,0.,              1063P   1355
0.989888177,0.053331572,0.,0.99317131,0.063158685,0.,               1063P   1356
0.995432772,0.074077988,0.,0.997694234,0.084997291,0.,              1063P   1357
0.998847117,0.096589161,0.,1.,0.108181032,0.,1.,0.12,0.,0.,1.,      1063P   1358
0.,0.,-1.;                                                          1063P   1359
124,-7.04419501764363E-015,-1.,0.,-63.0000000000003,-1.,            1065P   1360
7.04419501764363E-015,6.98296267768627E-015,-63.,                   1065P   1361
-6.98296267768627E-015,4.91893509025491E-029,-1.,                   1065P   1362
39.9999999999997;                                                   1065P   1363
100,20.,-44.,-19.,-38.,-19.,-44.,-13.;                              1067P   1364
126,1,1,1,0,1,0,0.,0.,1.,1.,1.,1.,1.,0.12,0.,1.,0.88,0.,0.,1.,      1069P   1365
0.,0.,1.;                                                           1069P   1366
110,-50.,-19.,20.,-50.,19.,20.;                                     1071P   1367
126,16,2,1,0,1,0,0.,0.,0.,0.125,0.125,0.25,0.25,0.375,0.375,        1073P   1368
0.5,0.5,0.625,0.625,0.75,0.75,0.875,0.875,1.,1.,1.,1.,1.,1.,1.,     1073P   1369
1.,1.,1.,1.,1.,1.,1.,1.,1.,1.,1.,1.,1.,1.,0.88,0.,1.,               1073P   1370
0.891818968,0.,0.998847117,0.903410839,0.,0.997694234,              1073P   1371
0.915002709,0.,0.995432772,0.925922012,0.,0.99317131,               1073P   1372
0.936841315,0.,0.989888177,0.946668428,0.,0.986605043,              1073P   1373
0.956495541,0.,0.982426407,0.964852814,0.,0.978247771,              1073P   1374
0.973210086,0.,0.973334214,0.979776353,0.,0.968420657,              1073P   1375
0.986342621,0.,0.962961006,0.990865544,0.,0.957501354,              1073P   1376
0.995388467,0.,0.951705419,0.997694234,0.,0.945909484,1.,0.,        1073P   1377
0.94,1.,0.,0.,1.,0.,0.,-1.;                                         1073P   1378
124,-1.,0.,6.98296267768627E-015,-88.0000000000002,0.,1.,0.,0.,     1075P   1379
-6.98296267768627E-015,0.,-1.,39.9999999999997;                     1075P   1380
100,20.,-44.,19.,-38.,19.,-44.,25.;                                 1077P   1381
126,1,1,1,0,1,0,0.,0.,1.,1.,1.,1.,0.94,1.,0.,0.06,1.,0.,0.,1.,      1079P   1382
0.,0.,1.;                                                           1079P   1383
110,-44.,25.,20.,44.,25.,20.;                                       1081P   1384
126,16,2,1,0,1,0,0.,0.,0.,0.125,0.125,0.25,0.25,0.375,0.375,        1083P   1385
0.5,0.5,0.625,0.625,0.75,0.75,0.875,0.875,1.,1.,1.,1.,1.,1.,1.,     1083P   1386
1.,1.,1.,1.,1.,1.,1.,1.,1.,1.,1.,1.,1.,0.06,1.,0.,0.054090516,      1083P   1387
1.,0.,0.048294581,0.997694234,0.,0.042498646,0.995388467,0.,        1083P   1388
0.037038994,0.990865544,0.,0.031579343,0.986342621,0.,              1083P   1389
0.026665786,0.979776353,0.,0.021752229,0.973210086,0.,              1083P   1390
0.017573593,0.964852814,0.,0.013394957,0.956495541,0.,              1083P   1391
0.010111823,0.946668428,0.,0.00682869,0.936841315,0.,               1083P   1392
0.004567228,0.925922012,0.,0.002305766,0.915002709,0.,              1083P   1393
0.001152883,0.903410839,0.,0.,0.891818968,0.,0.,0.88,0.,0.,1.,      1083P   1394
0.,0.,-1.;                                                          1083P   1395
124,6.12323399573677E-017,1.,0.,25.,1.,-6.12323399573677E-017,      1085P   1396
-6.98296267768627E-015,-24.9999999999998,                           1085P   1397
-6.98296267768627E-015,4.27583144589696E-031,-1.,                   1085P   1398
40.0000000000003;                                                   1085P   1399
100,20.,44.,19.,50.,19.,44.,25.;                                    1087P   1400
126,1,1,1,0,1,0,0.,0.,1.,1.,1.,1.,0.,0.88,0.,0.,0.12,0.,0.,1.,      1089P   1401
0.,0.,1.;                                                           1089P   1402
110,50.,19.,20.,50.,-19.,20.;                                       1091P   1403
126,16,2,1,0,1,0,0.,0.,0.,0.125,0.125,0.25,0.25,0.375,0.375,        1093P   1404
0.5,0.5,0.625,0.625,0.75,0.75,0.875,0.875,1.,1.,1.,1.,1.,1.,1.,     1093P   1405
1.,1.,1.,1.,1.,1.,1.,1.,1.,1.,1.,1.,1.,0.,0.12,0.,0.,               1093P   1406
0.108181032,0.,0.001152883,0.096589161,0.,0.002305766,              1093P   1407
0.084997291,0.,0.004567228,0.074077988,0.,0.00682869,               1093P   1408
0.063158685,0.,0.010111823,0.053331572,0.,0.013394957,              1093P   1409
0.043504459,0.,0.017573593,0.035147186,0.,0.021752229,              1093P   1410
0.026789914,0.,0.026665786,0.020223647,0.,0.031579343,              1093P   1411
0.013657379,0.,0.037038994,0.009134456,0.,0.042498646,              1093P   1412
0.004611533,0.,0.048294581,0.002305766,0.,0.054090516,0.,0.,        1093P   1413
0.06,0.,0.,0.,1.,0.,0.,-1.;                                         1093P   1414
124,1.,-1.37368194108226E-014,-6.98296267768627E-015,               1095P   1415
-1.17780540233469E-013,-1.37368194108226E-014,-1.,                  1095P   1416
8.07567285923482E-030,-37.9999999999994,-6.98296267768627E-015,     1095P   1417
8.78480243966559E-029,-1.,40.0000000000003;                         1095P   1418
100,20.,44.,-19.,50.,-19.,44.,-13.;                                 1097P   1419
126,1,1,1,0,1,0,0.,0.,1.,1.,1.,1.,0.06,0.,0.,0.94,0.,0.,0.,1.,      1099P   1420
0.,0.,1.;                                                           1099P   1421
110,44.,-25.,20.,-44.,-25.,20.;                                     1101P   1422
102,8,1063,1069,1073,1079,1083,1089,1093,1099;                      1103P   1423
102,8,1067,1071,1077,1081,1087,1091,1097,1101;                      1105P   1424
142,1,1061,1103,1105,1;                                             1107P   1425
144,1061,1,0,1107;                                                  1109P   1426
110,44.,-19.,20.,44.,-19.,-980.;                                    1111P   1427
110,38.,-19.,45.,38.,-19.,20.;                                      1113P   1428
120,1111,1113,0.,6.28318530717959;                                  1115P   1429
126,1,1,1,0,1,0,0.,0.,1.,1.,1.,1.,1.,3.141592654,0.,0.,             1117P   1430
3.141592654,0.,0.,1.,0.,0.,1.;                                      1117P   1431
110,50.,-19.,20.,50.,-19.,45.;                                      1119P   1432
126,1,1,1,0,1,0,0.,0.,1.,1.,1.,1.,0.,3.141592654,0.,0.,             1121P   1433
4.71238898,0.,0.,1.,0.,0.,1.;                                       1121P   1434
124,1.,-1.37368194108226E-014,-6.98296267768627E-015,               1123P   1435
5.78952460531635E-014,-1.37368194108226E-014,-1.,                   1123P   1436
8.07567285923482E-030,-37.9999999999994,-6.98296267768627E-015,     1123P   1437
8.78480243966559E-029,-1.,90.0000000000003;                         1123P   1438
100,45.,44.,-19.,50.,-19.,44.,-13.;                                 1125P   1439
126,1,1,1,0,1,0,0.,0.,1.,1.,1.,1.,0.,4.71238898,0.,1.,              1127P   1440
4.71238898,0.,0.,1.,0.,0.,1.;                                       1127P   1441
110,44.,-25.,45.,44.,-25.,20.;                                      1129P   1442
126,1,1,1,0,1,0,0.,0.,1.,1.,1.,1.,1.,4.71238898,0.,1.,              1131P   1443
3.141592654,0.,0.,1.,0.,0.,1.;                                      1131P   1444
100,20.,44.,-19.,44.,-25.,50.,-19.;                                 1133P   1445
102,4,1117,1121,1127,1131;                                          1135P   1446
102,4,1119,1125,1129,1133;                                          1137P   1447
142,1,1115,1135,1137,1;                                             1139P   1448
144,1115,1,0,1139;                                                  1141P   1449
110,44.,19.,20.,44.,19.,-980.;                                      1143P   1450
110,38.,19.,45.,38.,19.,20.;                                        1145P   1451
120,1143,1145,0.,6.28318530717959;                                  1147P   1452
126,1,1,1,0,1,0,0.,0.,1.,1.,1.,1.,1.,1.570796327,0.,0.,             1149P   1453
1.570796327,0.,0.,1.,0.,0.,1.;                                      1149P   1454
110,44.,25.,20.,44.,25.,45.;                                        1151P   1455
126,1,1,1,0,1,0,0.,0.,1.,1.,1.,1.,0.,1.570796327,0.,0.,             1153P   1456
3.141592654,0.,0.,1.,0.,0.,1.;                                      1153P   1457
124,6.12323399573677E-017,1.,0.,25.,1.,-6.12323399573677E-017,      1155P   1458
-6.98296267768627E-015,-24.9999999999997,                           1155P   1459
-6.98296267768627E-015,4.27583144589696E-031,-1.,                   1155P   1460
90.0000000000003;                                                   1155P   1461
100,45.,44.,19.,50.,19.,44.,25.;                                    1157P   1462
126,1,1,1,0,1,0,0.,0.,1.,1.,1.,1.,0.,3.141592654,0.,1.,             1159P   1463
3.141592654,0.,0.,1.,0.,0.,1.;                                      1159P   1464
110,50.,19.,45.,50.,19.,20.;                                        1161P   1465
126,1,1,1,0,1,0,0.,0.,1.,1.,1.,1.,1.,3.141592654,0.,1.,             1163P   1466
1.570796327,0.,0.,1.,0.,0.,1.;                                      1163P   1467
100,20.,44.,19.,50.,19.,44.,25.;                                    1165P   1468
102,4,1149,1153,1159,1163;                                          1167P   1469
102,4,1151,1157,1161,1165;                                          1169P   1470
142,1,1147,1167,1169,1;                                             1171P   1471
144,1147,1,0,1171;                                                  1173P   1472
110,-44.,19.,20.,-44.,19.,-980.;                                    1175P   1473
110,-50.,19.,45.,-50.,19.,20.;                                      1177P   1474
120,1175,1177,0.,6.28318530717959;                                  1179P   1475
126,1,1,1,0,1,0,0.,0.,1.,1.,1.,1.,1.,0.,0.,0.,0.,0.,0.,1.,0.,       1181P   1476
0.,1.;                                                              1181P   1477
110,-50.,19.,20.,-50.,19.,45.;                                      1183P   1478
126,1,1,1,0,1,0,0.,0.,1.,1.,1.,1.,0.,0.,0.,0.,1.570796327,0.,       1185P   1479
0.,1.,0.,0.,1.;                                                     1185P   1480
124,-1.,0.,6.98296267768627E-015,-88.0000000000003,0.,1.,0.,0.,     1187P   1481
-6.98296267768627E-015,0.,-1.,89.9999999999997;                     1187P   1482
100,45.,-44.,19.,-38.,19.,-44.,25.;                                 1189P   1483
126,1,1,1,0,1,0,0.,0.,1.,1.,1.,1.,0.,1.570796327,0.,1.,             1191P   1484
1.570796327,0.,0.,1.,0.,0.,1.;                                      1191P   1485
110,-44.,25.,45.,-44.,25.,20.;                                      1193P   1486
126,1,1,1,0,1,0,0.,0.,1.,1.,1.,1.,1.,1.570796327,0.,1.,0.,0.,       1195P   1487
0.,1.,0.,0.,1.;                                                     1195P   1488
100,20.,-44.,19.,-44.,25.,-50.,19.;                                 1197P   1489
102,4,1181,1185,1191,1195;                                          1199P   1490
102,4,1183,1189,1193,1197;                                          1201P   1491
142,1,1179,1199,1201,1;                                             1203P   1492
144,1179,1,0,1203;                                                  1205P   1493
110,-44.,-19.,20.,-44.,-19.,-980.;                                  1207P   1494
110,-50.,-19.,45.,-50.,-19.,20.;                                    1209P   1495
120,1207,1209,0.,6.28318530717959;                                  1211P   1496
126,1,1,1,0,1,0,0.,0.,1.,1.,1.,1.,1.,4.71238898,0.,0.,              1213P   1497
4.71238898,0.,0.,1.,0.,0.,1.;                                       1213P   1498
110,-44.,-25.,20.,-44.,-25.,45.;                                    1215P   1499
126,1,1,1,0,1,0,0.,0.,1.,1.,1.,1.,0.,4.71238898,0.,0.,              1217P   1500
6.283185307,0.,0.,1.,0.,0.,1.;                                      1217P   1501
124,-7.04419501764363E-015,-1.,0.,-63.0000000000003,-1.,            1219P   1502
7.04419501764363E-015,6.98296267768627E-015,-63.0000000000002,      1219P   1503
-6.98296267768627E-015,4.91893509025491E-029,-1.,                   1219P   1504
89.9999999999997;                                                   1219P   1505
100,45.,-44.,-19.,-38.,-19.,-44.,-13.;                              1221P   1506
126,1,1,1,0,1,0,0.,0.,1.,1.,1.,1.,0.,6.283185307,0.,1.,             1223P   1507
6.283185307,0.,0.,1.,0.,0.,1.;                                      1223P   1508
110,-50.,-19.,45.,-50.,-19.,20.;                                    1225P   1509
126,1,1,1,0,1,0,0.,0.,1.,1.,1.,1.,1.,6.283185307,0.,1.,             1227P   1510
4.71238898,0.,0.,1.,0.,0.,1.;                                       1227P   1511
100,20.,-44.,-19.,-50.,-19.,-44.,-25.;                              1229P   1512
102,4,1213,1217,1223,1227;                                          1231P   1513
102,4,1215,1221,1225,1229;                                          1233P   1514
142,1,1211,1231,1233,1;                                             1235P   1515
144,1211,1,0,1235;                                                  1237P   1516
110,-85.,45.,0.,-85.,45.,1000.;                                     1239P   1517
110,-80.,45.,0.,-80.,45.,15.;                                       1241P   1518
120,1239,1241,0.,6.28318530717959;                                  1243P   1519
126,1,1,1,0,1,0,0.,0.,1.,1.,1.,1.,1.,3.141592654,0.,1.,0.,0.,       1245P   1520
0.,1.,0.,0.,1.;                                                     1245P   1521
124,-1.,-6.98296267768627E-015,0.,-170.,-6.98296267768627E-015,     1247P   1522
1.,-6.98296267768627E-015,-4.8495330769866E-013,                    1247P   1523
4.87617677579594E-029,-6.98296267768627E-015,-1.,                   1247P   1524
30.0000000000003;                                                   1247P   1525
100,15.,-85.,45.,-80.,45.,-90.,45.;                                 1249P   1526
126,1,1,1,0,1,0,0.,0.,1.,1.,1.,1.,1.,0.,0.,0.,0.,0.,0.,1.,0.,       1251P   1527
0.,1.;                                                              1251P   1528
110,-80.,45.,15.,-80.,45.,0.;                                       1253P   1529
126,1,1,1,0,1,0,0.,0.,1.,1.,1.,1.,0.,0.,0.,0.,3.141592654,0.,       1255P   1530
0.,1.,0.,0.,1.;                                                     1255P   1531
100,0.,-85.,45.,-80.,45.,-90.,45.;                                  1257P   1532
126,1,1,1,0,1,0,0.,0.,1.,1.,1.,1.,0.,3.141592654,0.,1.,             1259P   1533
3.141592654,0.,0.,1.,0.,0.,1.;                                      1259P   1534
110,-90.,45.,0.,-90.,45.,15.;                                       1261P   1535
102,4,1245,1251,1255,1259;                                          1263P   1536
102,4,1249,1253,1257,1261;                                          1265P   1537
142,1,1243,1263,1265,1;                                             1267P   1538
144,1243,1,0,1267;                                                  1269P   1539
110,85.,45.,0.,85.,45.,1000.;                                       1271P   1540
110,90.,45.,0.,90.,45.,15.;                                         1273P   1541
120,1271,1273,0.,6.28318530717959;                                  1275P   1542
126,1,1,1,0,1,0,0.,0.,1.,1.,1.,1.,1.,3.141592654,0.,1.,0.,0.,       1277P   1543
0.,1.,0.,0.,1.;                                                     1277P   1544
124,-1.,-6.98296267768627E-015,0.,170.,-6.98296267768627E-015,      1279P   1545
1.,-6.98296267768627E-015,6.95764251242628E-013,                    1279P   1546
4.87617677579594E-029,-6.98296267768627E-015,-1.,                   1279P   1547
30.0000000000003;                                                   1279P   1548
100,15.,85.,45.,90.,45.,80.,45.;                                    1281P   1549
126,1,1,1,0,1,0,0.,0.,1.,1.,1.,1.,1.,0.,0.,0.,0.,0.,0.,1.,0.,       1283P   1550
0.,1.;                                                              1283P   1551
110,90.,45.,15.,90.,45.,0.;                                         1285P   1552
126,1,1,1,0,1,0,0.,0.,1.,1.,1.,1.,0.,0.,0.,0.,3.141592654,0.,       1287P   1553
0.,1.,0.,0.,1.;                                                     1287P   1554
100,0.,85.,45.,90.,45.,80.,45.;                                     1289P   1555
126,1,1,1,0,1,0,0.,0.,1.,1.,1.,1.,0.,3.141592654,0.,1.,             1291P   1556
3.141592654,0.,0.,1.,0.,0.,1.;                                      1291P   1557
110,80.,45.,0.,80.,45.,15.;                                         1293P   1558
102,4,1277,1283,1287,1291;                                          1295P   1559
102,4,1281,1285,1289,1293;                                          1297P   1560
142,1,1275,1295,1297,1;                                             1299P   1561
144,1275,1,0,1299;                                                  1301P   1562
110,85.,-45.,0.,85.,-45.,1000.;                                     1303P   1563
110,90.,-45.,0.,90.,-45.,15.;                                       1305P   1564
120,1303,1305,0.,6.28318530717959;                                  1307P   1565
126,1,1,1,0,1,0,0.,0.,1.,1.,1.,1.,1.,3.141592654,0.,1.,0.,0.,       1309P   1566
0.,1.,0.,0.,1.;                                                     1309P   1567
124,-1.,-6.98296267768627E-015,0.,170.,-6.98296267768627E-015,      1311P   1568
1.,-6.98296267768627E-015,6.95764251242619E-013,                    1311P   1569
4.87617677579594E-029,-6.98296267768627E-015,-1.,                   1311P   1570
29.9999999999997;                                                   1311P   1571
100,15.,85.,-45.,90.,-45.,80.,-45.;                                 1313P   1572
126,1,1,1,0,1,0,0.,0.,1.,1.,1.,1.,1.,0.,0.,0.,0.,0.,0.,1.,0.,       1315P   1573
0.,1.;                                                              1315P   1574
110,90.,-45.,15.,90.,-45.,0.;                                       1317P   1575
126,1,1,1,0,1,0,0.,0.,1.,1.,1.,1.,0.,0.,0.,0.,3.141592654,0.,       1319P   1576
0.,1.,0.,0.,1.;                                                     1319P   1577
100,0.,85.,-45.,90.,-45.,80.,-45.;                                  1321P   1578
126,1,1,1,0,1,0,0.,0.,1.,1.,1.,1.,0.,3.141592654,0.,1.,             1323P   1579
3.141592654,0.,0.,1.,0.,0.,1.;                                      1323P   1580
110,80.,-45.,0.,80.,-45.,15.;                                       1325P   1581
102,4,1309,1315,1319,1323;                                          1327P   1582
102,4,1313,1317,1321,1325;                                          1329P   1583
142,1,1307,1327,1329,1;                                             1331P   1584
144,1307,1,0,1331;                                                  1333P   1585
110,-85.,-45.,0.,-85.,-45.,1000.;                                   1335P   1586
110,-80.,-45.,0.,-80.,-45.,15.;                                     1337P   1587
120,1335,1337,0.,6.28318530717959;                                  1339P   1588
126,1,1,1,0,1,0,0.,0.,1.,1.,1.,1.,1.,3.141592654,0.,1.,0.,0.,       1341P   1589
0.,1.,0.,0.,1.;                                                     1341P   1590
124,-1.,-6.98296267768627E-015,0.,-170.,-6.98296267768627E-015,     1343P   1591
1.,-6.98296267768627E-015,-4.84953307698669E-013,                   1343P   1592
4.87617677579594E-029,-6.98296267768627E-015,-1.,                   1343P   1593
29.9999999999997;                                                   1343P   1594
100,15.,-85.,-45.,-80.,-45.,-90.,-45.;                              1345P   1595
126,1,1,1,0,1,0,0.,0.,1.,1.,1.,1.,1.,0.,0.,0.,0.,0.,0.,1.,0.,       1347P   1596
0.,1.;                                                              1347P   1597
110,-80.,-45.,15.,-80.,-45.,0.;                                     1349P   1598
126,1,1,1,0,1,0,0.,0.,1.,1.,1.,1.,0.,0.,0.,0.,3.141592654,0.,       1351P   1599
0.,1.,0.,0.,1.;                                                     1351P   1600
100,0.,-85.,-45.,-80.,-45.,-90.,-45.;                               1353P   1601
126,1,1,1,0,1,0,0.,0.,1.,1.,1.,1.,0.,3.141592654,0.,1.,             1355P   1602
3.141592654,0.,0.,1.,0.,0.,1.;                                      1355P   1603
110,-90.,-45.,0.,-90.,-45.,15.;                                     1357P   1604
102,4,1341,1347,1351,1355;                                          1359P   1605
102,4,1345,1349,1353,1357;                                          1361P   1606
142,1,1339,1359,1361,1;                                             1363P   1607
144,1339,1,0,1363;                                                  1365P   1608
S      1G      4D   1366P   1608                                        T      1
